programme_id;item_id;niveau_id;version_id
PRG_MAT_C4_2026;ITM_MAT_C4_01;5E;2026_2027
PRG_MAT_C4_2026;ITM_MAT_C4_01;4E;2027_2028
PRG_MAT_C4_2026;ITM_MAT_C4_01;3E;2028_2029
PRG_MAT_C4_2026;ITM_MAT_C4_02;5E;2026_2027
PRG_MAT_C4_2026;ITM_MAT_C4_02;4E;2027_2028
PRG_MAT_C4_2026;ITM_MAT_C4_02;3E;2028_2029
PRG_MAT_C4_2026;ITM_MAT_C4_03;5E;2026_2027
PRG_MAT_C4_2026;ITM_MAT_C4_03;4E;2027_2028
PRG_MAT_C4_2026;ITM_MAT_C4_03;3E;2028_2029
PRG_MAT_C4_2026;ITM_MAT_C4_04;5E;2026_2027
PRG_MAT_C4_2026;ITM_MAT_C4_04;4E;2027_2028
PRG_MAT_C4_2026;ITM_MAT_C4_04;3E;2028_2029
PRG_MAT_C4_2026;ITM_MAT_C4_05;5E;2026_2027
PRG_MAT_C4_2026;ITM_MAT_C4_05;4E;2027_2028
PRG_MAT_C4_2026;ITM_MAT_C4_05;3E;2028_2029
PRG_MAT_C4_2026;ITM_MAT_C4_01_01;5E;2026_2027
PRG_MAT_C4_2026;ITM_MAT_C4_01_02;5E;2026_2027
PRG_MAT_C4_2026;ITM_MAT_C4_01_03;5E;2026_2027
PRG_MAT_C4_2026;ITM_MAT_C4_01_04;5E;2026_2027
PRG_MAT_C4_2026;ITM_MAT_C4_01_05;5E;2026_2027
PRG_MAT_C4_2026;ITM_MAT_C4_01_06;4E;2027_2028
PRG_MAT_C4_2026;ITM_MAT_C4_01_07;4E;2027_2028
PRG_MAT_C4_2026;ITM_MAT_C4_01_08;4E;2027_2028
PRG_MAT_C4_2026;ITM_MAT_C4_01_09;4E;2027_2028
PRG_MAT_C4_2026;ITM_MAT_C4_01_10;4E;2027_2028
PRG_MAT_C4_2026;ITM_MAT_C4_01_11;3E;2028_2029
PRG_MAT_C4_2026;ITM_MAT_C4_01_12;3E;2028_2029
PRG_MAT_C4_2026;ITM_MAT_C4_01_13;3E;2028_2029
PRG_MAT_C4_2026;ITM_MAT_C4_01_14;3E;2028_2029
PRG_MAT_C4_2026;ITM_MAT_C4_01_15;3E;2028_2029
PRG_MAT_C4_2026;ITM_MAT_C4_02_01;5E;2026_2027
PRG_MAT_C4_2026;ITM_MAT_C4_02_02;5E;2026_2027
PRG_MAT_C4_2026;ITM_MAT_C4_02_03;5E;2026_2027
PRG_MAT_C4_2026;ITM_MAT_C4_02_04;5E;2026_2027
PRG_MAT_C4_2026;ITM_MAT_C4_02_05;5E;2026_2027
PRG_MAT_C4_2026;ITM_MAT_C4_02_06;5E;2026_2027
PRG_MAT_C4_2026;ITM_MAT_C4_02_07;4E;2027_2028
PRG_MAT_C4_2026;ITM_MAT_C4_02_08;4E;2027_2028
PRG_MAT_C4_2026;ITM_MAT_C4_02_09;4E;2027_2028
PRG_MAT_C4_2026;ITM_MAT_C4_02_10;4E;2027_2028
PRG_MAT_C4_2026;ITM_MAT_C4_02_11;4E;2027_2028
PRG_MAT_C4_2026;ITM_MAT_C4_02_12;3E;2028_2029
PRG_MAT_C4_2026;ITM_MAT_C4_02_13;3E;2028_2029
PRG_MAT_C4_2026;ITM_MAT_C4_02_14;3E;2028_2029
PRG_MAT_C4_2026;ITM_MAT_C4_02_15;3E;2028_2029
PRG_MAT_C4_2026;ITM_MAT_C4_03_01;5E;2026_2027
PRG_MAT_C4_2026;ITM_MAT_C4_03_02;5E;2026_2027
PRG_MAT_C4_2026;ITM_MAT_C4_03_03;4E;2027_2028
PRG_MAT_C4_2026;ITM_MAT_C4_03_04;4E;2027_2028
PRG_MAT_C4_2026;ITM_MAT_C4_03_05;3E;2028_2029
PRG_MAT_C4_2026;ITM_MAT_C4_03_06;3E;2028_2029
PRG_MAT_C4_2026;ITM_MAT_C4_04_01;5E;2026_2027
PRG_MAT_C4_2026;ITM_MAT_C4_04_02;5E;2026_2027
PRG_MAT_C4_2026;ITM_MAT_C4_04_03;4E;2027_2028
PRG_MAT_C4_2026;ITM_MAT_C4_04_04;4E;2027_2028
PRG_MAT_C4_2026;ITM_MAT_C4_04_05;3E;2028_2029
PRG_MAT_C4_2026;ITM_MAT_C4_04_06;3E;2028_2029
PRG_MAT_C4_2026;ITM_MAT_C4_05_01;5E;2026_2027
PRG_MAT_C4_2026;ITM_MAT_C4_05_02;4E;2027_2028
PRG_MAT_C4_2026;ITM_MAT_C4_05_03;3E;2028_2029
PRG_MAT_2GT_2026;ITM_MAT_2GT_2026_01;2GT;2026_2027
PRG_MAT_2GT_2026;ITM_MAT_2GT_2026_02;2GT;2026_2027
PRG_MAT_2GT_2026;ITM_MAT_2GT_2026_03;2GT;2026_2027
PRG_MAT_2GT_2026;ITM_MAT_2GT_2026_04;2GT;2026_2027
PRG_MAT_2GT_2026;ITM_MAT_2GT_2026_05;2GT;2026_2027
PRG_MAT_2GT_2026;ITM_MAT_2GT_2026_06;2GT;2026_2027
PRG_MAT_2GT_2026;ITM_MAT_2GT_2026_07;2GT;2026_2027
PRG_MAT_2GT_2026;ITM_MAT_2GT_2026_08;2GT;2026_2027
PRG_MAT_2GT_2026;ITM_MAT_2GT_2026_09;2GT;2026_2027
PRG_MAT_2GT_2026;ITM_MAT_2GT_2026_10;2GT;2026_2027
PRG_MAT_2GT_2026;ITM_MAT_2GT_2026_11;2GT;2026_2027
PRG_MAT_2GT_2026;ITM_MAT_2GT_2026_12;2GT;2026_2027
PRG_MAT_2GT_2026;ITM_MAT_2GT_2026_13;2GT;2026_2027
PRG_MAT_2GT_2026;ITM_MAT_2GT_2026_14;2GT;2026_2027
PRG_MAT_2GT_2026;ITM_MAT_2GT_2026_15;2GT;2026_2027
PRG_MAT_2GT_2026;ITM_MAT_2GT_2026_16;2GT;2026_2027
PRG_MAT_2GT_2026;ITM_MAT_2GT_2026_17;2GT;2026_2027
PRG_MAT_2GT_2026;ITM_MAT_2GT_2026_18;2GT;2026_2027
PRG_MAT_2GT_2026;ITM_MAT_2GT_2026_19;2GT;2026_2027
PRG_MATH_SCI_1G_2026;ITM_MATH_SCI_1G_2026_01;1G;2026_2027
PRG_MATH_SCI_1G_2026;ITM_MATH_SCI_1G_2026_02;1G;2026_2027
PRG_MATH_SCI_1G_2026;ITM_MATH_SCI_1G_2026_03;1G;2026_2027
PRG_MATH_SCI_1G_2026;ITM_MATH_SCI_1G_2026_04;1G;2026_2027
PRG_MATH_SCI_1G_2026;ITM_MATH_SCI_1G_2026_05;1G;2026_2027
PRG_MATH_SCI_1G_2026;ITM_MATH_SCI_1G_2026_06;1G;2026_2027
PRG_MATH_SCI_1G_2026;ITM_MATH_SCI_1G_2026_07;1G;2026_2027
PRG_MAT_SPEC_1G_2026;ITM_MAT_SPEC_1G_2026_01;1G;2026_2027
PRG_MAT_SPEC_1G_2026;ITM_MAT_SPEC_1G_2026_02;1G;2026_2027
PRG_MAT_SPEC_1G_2026;ITM_MAT_SPEC_1G_2026_03;1G;2026_2027
PRG_MAT_SPEC_1G_2026;ITM_MAT_SPEC_1G_2026_04;1G;2026_2027
PRG_MAT_SPEC_1G_2026;ITM_MAT_SPEC_1G_2026_05;1G;2026_2027
PRG_MAT_SPEC_1G_2026;ITM_MAT_SPEC_1G_2026_06;1G;2026_2027
PRG_MAT_SPEC_1G_2026;ITM_MAT_SPEC_1G_2026_07;1G;2026_2027
PRG_MAT_SPEC_1G_2026;ITM_MAT_SPEC_1G_2026_08;1G;2026_2027
PRG_MAT_SPEC_1G_2026;ITM_MAT_SPEC_1G_2026_09;1G;2026_2027
PRG_MAT_SPEC_1G_2026;ITM_MAT_SPEC_1G_2026_10;1G;2026_2027
PRG_MAT_SPEC_1G_2026;ITM_MAT_SPEC_1G_2026_11;1G;2026_2027
PRG_MAT_SPEC_1G_2026;ITM_MAT_SPEC_1G_2026_12;1G;2026_2027
PRG_MAT_SPEC_1G_2026;ITM_MAT_SPEC_1G_2026_13;1G;2026_2027
PRG_MAT_SPEC_1G_2026;ITM_MAT_SPEC_1G_2026_14;1G;2026_2027
PRG_MAT_SPEC_1G_2026;ITM_MAT_SPEC_1G_2026_15;1G;2026_2027
PRG_MAT_SPEC_1G_2026;ITM_MAT_SPEC_1G_2026_16;1G;2026_2027
PRG_MAT_SPEC_1G_2026;ITM_MAT_SPEC_1G_2026_17;1G;2026_2027
PRG_MAT_SPEC_1G_2026;ITM_MAT_SPEC_1G_2026_18;1G;2026_2027
PRG_MAT_SPEC_1G_2026;ITM_MAT_SPEC_1G_2026_19;1G;2026_2027
PRG_MAT_SPEC_1G_2026;ITM_MAT_SPEC_1G_2026_20;1G;2026_2027
PRG_MAT_SPEC_1G_2026;ITM_MAT_SPEC_1G_2026_21;1G;2026_2027
PRG_MAT_SPEC_1G_2026;ITM_MAT_SPEC_1G_2026_22;1G;2026_2027
PRG_MAT_SPEC_1G_2026;ITM_MAT_SPEC_1G_2026_23;1G;2026_2027
PRG_MAT_SPEC_1G_2026;ITM_MAT_SPEC_1G_2026_24;1G;2026_2027
PRG_MAT_1T_2026;ITM_MAT_1T_2026_01;1T;2026_2027
PRG_MAT_1T_2026;ITM_MAT_1T_2026_02;1T;2026_2027
PRG_MAT_1T_2026;ITM_MAT_1T_2026_03;1T;2026_2027
PRG_MAT_1T_2026;ITM_MAT_1T_2026_04;1T;2026_2027
PRG_MAT_1T_2026;ITM_MAT_1T_2026_05;1T;2026_2027
PRG_MAT_1T_2026;ITM_MAT_1T_2026_06;1T;2026_2027
PRG_MAT_1T_2026;ITM_MAT_1T_2026_07;1T;2026_2027
PRG_MAT_1T_2026;ITM_MAT_1T_2026_08;1T;2026_2027
PRG_MAT_1T_2026;ITM_MAT_1T_2026_09;1T;2026_2027
PRG_MAT_1T_2026;ITM_MAT_1T_2026_10;1T;2026_2027
PRG_MAT_1T_2026;ITM_MAT_1T_2026_11;1T;2026_2027
PRG_MAT_1T_2026;ITM_MAT_1T_2026_12;1T;2026_2027
PRG_MAT_1T_2026;ITM_MAT_1T_2026_13;1T;2026_2027
PRG_MAT_1T_2026;ITM_MAT_1T_2026_14;1T;2026_2027
PRG_MAT_1T_2026;ITM_MAT_1T_2026_15;1T;2026_2027
PRG_MAT_TERM_G_2026;ITM_MAT_TERM_G_2026_01;TG;2027_2028
PRG_MAT_TERM_G_2026;ITM_MAT_TERM_G_2026_02;TG;2027_2028
PRG_MAT_TERM_G_2026;ITM_MAT_TERM_G_2026_03;TG;2027_2028
PRG_MAT_TERM_G_2026;ITM_MAT_TERM_G_2026_04;TG;2027_2028
PRG_MAT_TERM_G_2026;ITM_MAT_TERM_G_2026_05;TG;2027_2028
PRG_MAT_TERM_G_2026;ITM_MAT_TERM_G_2026_06;TG;2027_2028
PRG_MAT_TERM_G_2026;ITM_MAT_TERM_G_2026_07;TG;2027_2028
PRG_MAT_TERM_G_2026;ITM_MAT_TERM_G_2026_08;TG;2027_2028
PRG_MAT_TERM_G_2026;ITM_MAT_TERM_G_2026_09;TG;2027_2028
PRG_MAT_TERM_G_2026;ITM_MAT_TERM_G_2026_10;TG;2027_2028
PRG_MAT_TERM_G_2026;ITM_MAT_TERM_G_2026_11;TG;2027_2028
PRG_MAT_TERM_G_2026;ITM_MAT_TERM_G_2026_12;TG;2027_2028
PRG_MAT_TERM_G_2026;ITM_MAT_TERM_G_2026_13;TG;2027_2028
PRG_MAT_TERM_G_2026;ITM_MAT_TERM_G_2026_14;TG;2027_2028
PRG_MAT_TERM_G_2026;ITM_MAT_TERM_G_2026_15;TG;2027_2028
PRG_MAT_TERM_G_2026;ITM_MAT_TERM_G_2026_16;TG;2027_2028
PRG_MAT_TERM_G_2026;ITM_MAT_TERM_G_2026_17;TG;2027_2028
PRG_MAT_TERM_G_2026;ITM_MAT_TERM_G_2026_18;TG;2027_2028
PRG_MAT_TERM_G_2026;ITM_MAT_TERM_G_2026_19;TG;2027_2028
PRG_MAT_TERM_G_2026;ITM_MAT_TERM_G_2026_20;TG;2027_2028
PRG_MAT_TERM_G_2026;ITM_MAT_TERM_G_2026_21;TG;2027_2028
PRG_MAT_TERM_G_2026;ITM_MAT_TERM_G_2026_22;TG;2027_2028
PRG_MAT_TERM_G_2026;ITM_MAT_TERM_G_2026_23;TG;2027_2028
PRG_MAT_TERM_G_2026;ITM_MAT_TERM_G_2026_24;TG;2027_2028
PRG_MAT_TERM_G_2026;ITM_MAT_TERM_G_2026_25;TG;2027_2028
PRG_MAT_TERM_G_2026;ITM_MAT_TERM_G_2026_26;TG;2027_2028
PRG_MAT_TERM_G_2026;ITM_MAT_TERM_G_2026_27;TG;2027_2028
PRG_MAT_COMP_2026;ITM_MAT_COMP_2026_01;TG;2027_2028
PRG_MAT_COMP_2026;ITM_MAT_COMP_2026_02;TG;2027_2028
PRG_MAT_COMP_2026;ITM_MAT_COMP_2026_03;TG;2027_2028
PRG_MAT_COMP_2026;ITM_MAT_COMP_2026_04;TG;2027_2028
PRG_MAT_COMP_2026;ITM_MAT_COMP_2026_05;TG;2027_2028
PRG_MAT_COMP_2026;ITM_MAT_COMP_2026_06;TG;2027_2028
PRG_MAT_COMP_2026;ITM_MAT_COMP_2026_07;TG;2027_2028
PRG_MAT_COMP_2026;ITM_MAT_COMP_2026_08;TG;2027_2028
PRG_MAT_COMP_2026;ITM_MAT_COMP_2026_09;TG;2027_2028
PRG_MAT_COMP_2026;ITM_MAT_COMP_2026_10;TG;2027_2028
PRG_MAT_COMP_2026;ITM_MAT_COMP_2026_11;TG;2027_2028
PRG_MAT_COMP_2026;ITM_MAT_COMP_2026_12;TG;2027_2028
PRG_MAT_COMP_2026;ITM_MAT_COMP_2026_13;TG;2027_2028
PRG_MAT_COMP_2026;ITM_MAT_COMP_2026_14;TG;2027_2028
PRG_MAT_COMP_2026;ITM_MAT_COMP_2026_15;TG;2027_2028
PRG_MAT_COMP_2026;ITM_MAT_COMP_2026_16;TG;2027_2028
PRG_MAT_COMP_2026;ITM_MAT_COMP_2026_17;TG;2027_2028
PRG_MAT_COMP_2026;ITM_MAT_COMP_2026_18;TG;2027_2028
PRG_MAT_COMP_2026;ITM_MAT_COMP_2026_19;TG;2027_2028
PRG_MAT_COMP_2026;ITM_MAT_COMP_2026_20;TG;2027_2028
PRG_MAT_COMP_2026;ITM_MAT_COMP_2026_21;TG;2027_2028
PRG_MAT_COMP_2026;ITM_MAT_COMP_2026_22;TG;2027_2028
PRG_MAT_COMP_2026;ITM_MAT_COMP_2026_23;TG;2027_2028
PRG_MAT_COMP_2026;ITM_MAT_COMP_2026_24;TG;2027_2028
PRG_MAT_COMP_2026;ITM_MAT_COMP_2026_25;TG;2027_2028
PRG_MAT_COMP_2026;ITM_MAT_COMP_2026_26;TG;2027_2028
PRG_MAT_TT_2026;ITM_MAT_TT_2026_01;TT;2027_2028
PRG_MAT_TT_2026;ITM_MAT_TT_2026_02;TT;2027_2028
PRG_MAT_TT_2026;ITM_MAT_TT_2026_03;TT;2027_2028
PRG_MAT_TT_2026;ITM_MAT_TT_2026_04;TT;2027_2028
PRG_MAT_TT_2026;ITM_MAT_TT_2026_05;TT;2027_2028
PRG_MAT_TT_2026;ITM_MAT_TT_2026_06;TT;2027_2028
PRG_MAT_TT_2026;ITM_MAT_TT_2026_07;TT;2027_2028
PRG_MAT_TT_2026;ITM_MAT_TT_2026_08;TT;2027_2028
PRG_MAT_TT_2026;ITM_MAT_TT_2026_09;TT;2027_2028
PRG_MAT_TT_2026;ITM_MAT_TT_2026_10;TT;2027_2028
PRG_MAT_TT_2026;ITM_MAT_TT_2026_11;TT;2027_2028
PRG_MAT_TT_2026;ITM_MAT_TT_2026_12;TT;2027_2028
PRG_MAT_TT_2026;ITM_MAT_TT_2026_13;TT;2027_2028
PRG_MAT_TT_2026;ITM_MAT_TT_2026_14;TT;2027_2028
PRG_MAT_TT_2026;ITM_MAT_TT_2026_15;TT;2027_2028
PRG_MAT_TT_2026;ITM_MAT_TT_2026_16;TT;2027_2028
PRG_MAT_TT_2026;ITM_MAT_TT_2026_17;TT;2027_2028
PRG_MAT_TERM_G_2019;ITM_MAT_TERM_G_2019_01;TG;2026_2027
PRG_MAT_TERM_G_2019;ITM_MAT_TERM_G_2019_02;TG;2026_2027
PRG_MAT_TERM_G_2019;ITM_MAT_TERM_G_2019_03;TG;2026_2027
PRG_MAT_TERM_G_2019;ITM_MAT_TERM_G_2019_04;TG;2026_2027
PRG_MAT_TERM_G_2019;ITM_MAT_TERM_G_2019_05;TG;2026_2027
PRG_MAT_COMP_2019;ITM_MAT_COMP_2019_01;TG;2026_2027
PRG_MAT_COMP_2019;ITM_MAT_COMP_2019_02;TG;2026_2027
PRG_MAT_COMP_2019;ITM_MAT_COMP_2019_03;TG;2026_2027
PRG_MAT_COMP_2019;ITM_MAT_COMP_2019_04;TG;2026_2027
PRG_MAT_COMP_2019;ITM_MAT_COMP_2019_05;TG;2026_2027
PRG_MAT_COMP_2019;ITM_MAT_COMP_2019_06;TG;2026_2027
PRG_MAT_EXP_2019;ITM_MAT_EXP_2019_01;TG;2026_2027
PRG_MAT_EXP_2019;ITM_MAT_EXP_2019_02;TG;2026_2027
PRG_MAT_EXP_2019;ITM_MAT_EXP_2019_03;TG;2026_2027
PRG_MAT_TT_2019;ITM_MAT_TT_2019_01;TT;2026_2027
PRG_MAT_TT_2019;ITM_MAT_TT_2019_02;TT;2026_2027
PRG_MAT_TT_2019;ITM_MAT_TT_2019_03;TT;2026_2027
PRG_MAT_TT_2019;ITM_MAT_TT_2019_04;TT;2026_2027
PRG_MAT_C3_2025;ITM_MAT_C3_6E_01;6E;2026_2027
PRG_MAT_C3_2025;ITM_MAT_C3_6E_02;6E;2026_2027
PRG_MAT_C3_2025;ITM_MAT_C3_6E_03;6E;2026_2027
PRG_MAT_C3_2025;ITM_MAT_C3_6E_04;6E;2026_2027
PRG_MAT_C3_2025;ITM_MAT_C3_6E_05;6E;2026_2027
PRG_MAT_C3_2025;ITM_MAT_C3_6E_06;6E;2026_2027
PRG_MAT_C3_2025;ITM_MAT_C3_6E_07;6E;2026_2027
PRG_MAT_C3_2025;ITM_MAT_C3_6E_08;6E;2026_2027
PRG_MAT_C3_2025;ITM_MAT_C3_6E_09;6E;2026_2027
PRG_MAT_C3_2025;ITM_MAT_C3_6E_10;6E;2026_2027
PRG_MAT_C3_2025;ITM_MAT_C3_6E_11;6E;2026_2027
PRG_MAT_C3_2025;ITM_MAT_C3_6E_12;6E;2026_2027
PRG_MAT_C3_2025;ITM_MAT_C3_6E_13;6E;2026_2027
PRG_MAT_C3_2025;ITM_MAT_C3_6E_C01;6E;2026_2027
PRG_MAT_C3_2025;ITM_MAT_C3_6E_C02;6E;2026_2027
PRG_MAT_C3_2025;ITM_MAT_C3_6E_C03;6E;2026_2027
PRG_MAT_C3_2025;ITM_MAT_C3_6E_C04;6E;2026_2027
PRG_MAT_C3_2025;ITM_MAT_C3_6E_C05;6E;2026_2027
PRG_MAT_C3_2025;ITM_MAT_C3_6E_C06;6E;2026_2027
PRG_MAT_C3_2025;ITM_MAT_C3_6E_C07;6E;2026_2027
PRG_MAT_C3_2025;ITM_MAT_C3_6E_C08;6E;2026_2027
PRG_MAT_C3_2025;ITM_MAT_C3_6E_C09;6E;2026_2027
PRG_MAT_C3_2025;ITM_MAT_C3_6E_C10;6E;2026_2027
PRG_MAT_C3_2025;ITM_MAT_C3_6E_C11;6E;2026_2027
PRG_MAT_C3_2025;ITM_MAT_C3_6E_C12;6E;2026_2027
PRG_MAT_C3_2025;ITM_MAT_C3_6E_C13;6E;2026_2027
PRG_MAT_C3_2025;ITM_MAT_C3_6E_C14;6E;2026_2027
PRG_MAT_C3_2025;ITM_MAT_C3_6E_C15;6E;2026_2027
PRG_MAT_C3_2025;ITM_MAT_C3_6E_C16;6E;2026_2027
PRG_MAT_C3_2025;ITM_MAT_C3_6E_C17;6E;2026_2027
PRG_MAT_C3_2025;ITM_MAT_C3_6E_C18;6E;2026_2027
PRG_MAT_C3_2025;ITM_MAT_C3_6E_C19;6E;2026_2027
PRG_MAT_C3_2025;ITM_MAT_C3_6E_C20;6E;2026_2027
PRG_MAT_C3_2025;ITM_MAT_C3_6E_C21;6E;2026_2027
PRG_MAT_C3_2025;ITM_MAT_C3_6E_C22;6E;2026_2027
PRG_MAT_C3_2025;ITM_MAT_C3_6E_C23;6E;2026_2027
PRG_MAT_C3_2025;ITM_MAT_C3_6E_C24;6E;2026_2027
PRG_MAT_C3_2025;ITM_MAT_C3_6E_C25;6E;2026_2027
PRG_MAT_C3_2025;ITM_MAT_C3_6E_C26;6E;2026_2027
PRG_MAT_C3_2025;ITM_MAT_C3_6E_C27;6E;2026_2027
PRG_MAT_C3_2025;ITM_MAT_C3_6E_C28;6E;2026_2027
PRG_MAT_C3_2025;ITM_MAT_C3_6E_C29;6E;2026_2027
PRG_MAT_C3_2025;ITM_MAT_C3_6E_C30;6E;2026_2027
PRG_MAT_C3_2025;ITM_MAT_C3_6E_C31;6E;2026_2027
PRG_MAT_C3_2025;ITM_MAT_C3_6E_C32;6E;2026_2027
PRG_MAT_C3_2025;ITM_MAT_C3_6E_C33;6E;2026_2027
PRG_MAT_C3_2025;ITM_MAT_C3_6E_C34;6E;2026_2027
PRG_MAT_C3_2025;ITM_MAT_C3_6E_C35;6E;2026_2027
PRG_MAT_C3_2025;ITM_MAT_C3_6E_C36;6E;2026_2027
PRG_MAT_TERM_G_2019;ITM_MAT_TERM_G_2019_01_01;TG;2026_2027
PRG_MAT_TERM_G_2019;ITM_MAT_TERM_G_2019_01_01_01;TG;2026_2027
PRG_MAT_TERM_G_2019;ITM_MAT_TERM_G_2019_01_01_02;TG;2026_2027
PRG_MAT_TERM_G_2019;ITM_MAT_TERM_G_2019_01_02;TG;2026_2027
PRG_MAT_TERM_G_2019;ITM_MAT_TERM_G_2019_01_02_01;TG;2026_2027
PRG_MAT_TERM_G_2019;ITM_MAT_TERM_G_2019_01_02_02;TG;2026_2027
PRG_MAT_TERM_G_2019;ITM_MAT_TERM_G_2019_01_02_03;TG;2026_2027
PRG_MAT_TERM_G_2019;ITM_MAT_TERM_G_2019_01_02_04;TG;2026_2027
PRG_MAT_TERM_G_2019;ITM_MAT_TERM_G_2019_01_02_05;TG;2026_2027
PRG_MAT_TERM_G_2019;ITM_MAT_TERM_G_2019_01_02_06;TG;2026_2027
PRG_MAT_TERM_G_2019;ITM_MAT_TERM_G_2019_01_03;TG;2026_2027
PRG_MAT_TERM_G_2019;ITM_MAT_TERM_G_2019_01_03_01;TG;2026_2027
PRG_MAT_TERM_G_2019;ITM_MAT_TERM_G_2019_01_03_02;TG;2026_2027
PRG_MAT_TERM_G_2019;ITM_MAT_TERM_G_2019_01_03_03;TG;2026_2027
PRG_MAT_TERM_G_2019;ITM_MAT_TERM_G_2019_01_03_04;TG;2026_2027
PRG_MAT_TERM_G_2019;ITM_MAT_TERM_G_2019_01_04;TG;2026_2027
PRG_MAT_TERM_G_2019;ITM_MAT_TERM_G_2019_01_04_01;TG;2026_2027
PRG_MAT_TERM_G_2019;ITM_MAT_TERM_G_2019_01_04_02;TG;2026_2027
PRG_MAT_TERM_G_2019;ITM_MAT_TERM_G_2019_01_04_03;TG;2026_2027
PRG_MAT_TERM_G_2019;ITM_MAT_TERM_G_2019_01_04_04;TG;2026_2027
PRG_MAT_TERM_G_2019;ITM_MAT_TERM_G_2019_02_01;TG;2026_2027
PRG_MAT_TERM_G_2019;ITM_MAT_TERM_G_2019_02_01_01;TG;2026_2027
PRG_MAT_TERM_G_2019;ITM_MAT_TERM_G_2019_02_01_02;TG;2026_2027
PRG_MAT_TERM_G_2019;ITM_MAT_TERM_G_2019_02_01_03;TG;2026_2027
PRG_MAT_TERM_G_2019;ITM_MAT_TERM_G_2019_02_02;TG;2026_2027
PRG_MAT_TERM_G_2019;ITM_MAT_TERM_G_2019_02_02_01;TG;2026_2027
PRG_MAT_TERM_G_2019;ITM_MAT_TERM_G_2019_02_02_02;TG;2026_2027
PRG_MAT_TERM_G_2019;ITM_MAT_TERM_G_2019_02_03;TG;2026_2027
PRG_MAT_TERM_G_2019;ITM_MAT_TERM_G_2019_02_03_01;TG;2026_2027
PRG_MAT_TERM_G_2019;ITM_MAT_TERM_G_2019_02_03_02;TG;2026_2027
PRG_MAT_TERM_G_2019;ITM_MAT_TERM_G_2019_02_03_03;TG;2026_2027
PRG_MAT_TERM_G_2019;ITM_MAT_TERM_G_2019_02_03_04;TG;2026_2027
PRG_MAT_TERM_G_2019;ITM_MAT_TERM_G_2019_02_03_05;TG;2026_2027
PRG_MAT_TERM_G_2019;ITM_MAT_TERM_G_2019_02_04;TG;2026_2027
PRG_MAT_TERM_G_2019;ITM_MAT_TERM_G_2019_02_04_01;TG;2026_2027
PRG_MAT_TERM_G_2019;ITM_MAT_TERM_G_2019_02_04_02;TG;2026_2027
PRG_MAT_TERM_G_2019;ITM_MAT_TERM_G_2019_02_05;TG;2026_2027
PRG_MAT_TERM_G_2019;ITM_MAT_TERM_G_2019_02_05_01;TG;2026_2027
PRG_MAT_TERM_G_2019;ITM_MAT_TERM_G_2019_02_05_02;TG;2026_2027
PRG_MAT_TERM_G_2019;ITM_MAT_TERM_G_2019_02_06;TG;2026_2027
PRG_MAT_TERM_G_2019;ITM_MAT_TERM_G_2019_02_06_01;TG;2026_2027
PRG_MAT_TERM_G_2019;ITM_MAT_TERM_G_2019_02_06_02;TG;2026_2027
PRG_MAT_TERM_G_2019;ITM_MAT_TERM_G_2019_02_07;TG;2026_2027
PRG_MAT_TERM_G_2019;ITM_MAT_TERM_G_2019_02_07_01;TG;2026_2027
PRG_MAT_TERM_G_2019;ITM_MAT_TERM_G_2019_02_07_02;TG;2026_2027
PRG_MAT_TERM_G_2019;ITM_MAT_TERM_G_2019_02_07_03;TG;2026_2027
PRG_MAT_TERM_G_2019;ITM_MAT_TERM_G_2019_02_08;TG;2026_2027
PRG_MAT_TERM_G_2019;ITM_MAT_TERM_G_2019_02_08_01;TG;2026_2027
PRG_MAT_TERM_G_2019;ITM_MAT_TERM_G_2019_02_08_02;TG;2026_2027
PRG_MAT_TERM_G_2019;ITM_MAT_TERM_G_2019_02_08_03;TG;2026_2027
PRG_MAT_TERM_G_2019;ITM_MAT_TERM_G_2019_02_08_04;TG;2026_2027
PRG_MAT_TERM_G_2019;ITM_MAT_TERM_G_2019_02_08_05;TG;2026_2027
PRG_MAT_TERM_G_2019;ITM_MAT_TERM_G_2019_02_08_06;TG;2026_2027
PRG_MAT_TERM_G_2019;ITM_MAT_TERM_G_2019_03_01;TG;2026_2027
PRG_MAT_TERM_G_2019;ITM_MAT_TERM_G_2019_03_01_01;TG;2026_2027
PRG_MAT_TERM_G_2019;ITM_MAT_TERM_G_2019_03_01_02;TG;2026_2027
PRG_MAT_TERM_G_2019;ITM_MAT_TERM_G_2019_03_01_03;TG;2026_2027
PRG_MAT_TERM_G_2019;ITM_MAT_TERM_G_2019_03_01_04;TG;2026_2027
PRG_MAT_TERM_G_2019;ITM_MAT_TERM_G_2019_03_02;TG;2026_2027
PRG_MAT_TERM_G_2019;ITM_MAT_TERM_G_2019_03_02_01;TG;2026_2027
PRG_MAT_TERM_G_2019;ITM_MAT_TERM_G_2019_03_02_02;TG;2026_2027
PRG_MAT_TERM_G_2019;ITM_MAT_TERM_G_2019_03_02_03;TG;2026_2027
PRG_MAT_TERM_G_2019;ITM_MAT_TERM_G_2019_03_03;TG;2026_2027
PRG_MAT_TERM_G_2019;ITM_MAT_TERM_G_2019_03_03_01;TG;2026_2027
PRG_MAT_TERM_G_2019;ITM_MAT_TERM_G_2019_04_01;TG;2026_2027
PRG_MAT_TERM_G_2019;ITM_MAT_TERM_G_2019_04_01_01;TG;2026_2027
PRG_MAT_TERM_G_2019;ITM_MAT_TERM_G_2019_04_01_02;TG;2026_2027
PRG_MAT_TERM_G_2019;ITM_MAT_TERM_G_2019_04_01_03;TG;2026_2027
PRG_MAT_TERM_G_2019;ITM_MAT_TERM_G_2019_04_01_04;TG;2026_2027
PRG_MAT_COMP_2019;ITM_MAT_COMP_2019_01_01;TG;2026_2027
PRG_MAT_COMP_2019;ITM_MAT_COMP_2019_01_01_01;TG;2026_2027
PRG_MAT_COMP_2019;ITM_MAT_COMP_2019_01_01_02;TG;2026_2027
PRG_MAT_COMP_2019;ITM_MAT_COMP_2019_01_01_03;TG;2026_2027
PRG_MAT_COMP_2019;ITM_MAT_COMP_2019_01_01_04;TG;2026_2027
PRG_MAT_COMP_2019;ITM_MAT_COMP_2019_02_01;TG;2026_2027
PRG_MAT_COMP_2019;ITM_MAT_COMP_2019_02_01_01;TG;2026_2027
PRG_MAT_COMP_2019;ITM_MAT_COMP_2019_02_01_02;TG;2026_2027
PRG_MAT_COMP_2019;ITM_MAT_COMP_2019_02_01_03;TG;2026_2027
PRG_MAT_COMP_2019;ITM_MAT_COMP_2019_02_01_04;TG;2026_2027
PRG_MAT_COMP_2019;ITM_MAT_COMP_2019_03_01;TG;2026_2027
PRG_MAT_COMP_2019;ITM_MAT_COMP_2019_03_01_01;TG;2026_2027
PRG_MAT_COMP_2019;ITM_MAT_COMP_2019_03_01_02;TG;2026_2027
PRG_MAT_COMP_2019;ITM_MAT_COMP_2019_03_01_03;TG;2026_2027
PRG_MAT_COMP_2019;ITM_MAT_COMP_2019_04_01;TG;2026_2027
PRG_MAT_COMP_2019;ITM_MAT_COMP_2019_04_01_01;TG;2026_2027
PRG_MAT_COMP_2019;ITM_MAT_COMP_2019_04_01_02;TG;2026_2027
PRG_MAT_COMP_2019;ITM_MAT_COMP_2019_04_01_03;TG;2026_2027
PRG_MAT_COMP_2019;ITM_MAT_COMP_2019_04_01_04;TG;2026_2027
PRG_MAT_COMP_2019;ITM_MAT_COMP_2019_04_01_05;TG;2026_2027
PRG_MAT_COMP_2019;ITM_MAT_COMP_2019_05_01;TG;2026_2027
PRG_MAT_COMP_2019;ITM_MAT_COMP_2019_05_01_01;TG;2026_2027
PRG_MAT_COMP_2019;ITM_MAT_COMP_2019_05_01_02;TG;2026_2027
PRG_MAT_COMP_2019;ITM_MAT_COMP_2019_05_01_03;TG;2026_2027
PRG_MAT_COMP_2019;ITM_MAT_COMP_2019_05_01_04;TG;2026_2027
PRG_MAT_COMP_2019;ITM_MAT_COMP_2019_05_01_05;TG;2026_2027
PRG_MAT_COMP_2019;ITM_MAT_COMP_2019_05_02;TG;2026_2027
PRG_MAT_COMP_2019;ITM_MAT_COMP_2019_05_02_01;TG;2026_2027
PRG_MAT_COMP_2019;ITM_MAT_COMP_2019_05_02_02;TG;2026_2027
PRG_MAT_COMP_2019;ITM_MAT_COMP_2019_05_02_03;TG;2026_2027
PRG_MAT_COMP_2019;ITM_MAT_COMP_2019_05_03;TG;2026_2027
PRG_MAT_COMP_2019;ITM_MAT_COMP_2019_05_03_01;TG;2026_2027
PRG_MAT_COMP_2019;ITM_MAT_COMP_2019_05_03_02;TG;2026_2027
PRG_MAT_COMP_2019;ITM_MAT_COMP_2019_05_03_03;TG;2026_2027
PRG_MAT_COMP_2019;ITM_MAT_COMP_2019_05_03_04;TG;2026_2027
PRG_MAT_COMP_2019;ITM_MAT_COMP_2019_06_01;TG;2026_2027
PRG_MAT_COMP_2019;ITM_MAT_COMP_2019_06_01_01;TG;2026_2027
PRG_MAT_COMP_2019;ITM_MAT_COMP_2019_06_01_02;TG;2026_2027
PRG_MAT_COMP_2019;ITM_MAT_COMP_2019_06_01_03;TG;2026_2027
PRG_MAT_EXP_2019;ITM_MAT_EXP_2019_01_01;TG;2026_2027
PRG_MAT_EXP_2019;ITM_MAT_EXP_2019_01_01_01;TG;2026_2027
PRG_MAT_EXP_2019;ITM_MAT_EXP_2019_01_01_02;TG;2026_2027
PRG_MAT_EXP_2019;ITM_MAT_EXP_2019_01_02;TG;2026_2027
PRG_MAT_EXP_2019;ITM_MAT_EXP_2019_01_02_01;TG;2026_2027
PRG_MAT_EXP_2019;ITM_MAT_EXP_2019_01_02_02;TG;2026_2027
PRG_MAT_EXP_2019;ITM_MAT_EXP_2019_01_02_03;TG;2026_2027
PRG_MAT_EXP_2019;ITM_MAT_EXP_2019_01_02_04;TG;2026_2027
PRG_MAT_EXP_2019;ITM_MAT_EXP_2019_01_03;TG;2026_2027
PRG_MAT_EXP_2019;ITM_MAT_EXP_2019_01_03_01;TG;2026_2027
PRG_MAT_EXP_2019;ITM_MAT_EXP_2019_01_03_02;TG;2026_2027
PRG_MAT_EXP_2019;ITM_MAT_EXP_2019_01_03_03;TG;2026_2027
PRG_MAT_EXP_2019;ITM_MAT_EXP_2019_02_01;TG;2026_2027
PRG_MAT_EXP_2019;ITM_MAT_EXP_2019_02_01_01;TG;2026_2027
PRG_MAT_EXP_2019;ITM_MAT_EXP_2019_02_01_02;TG;2026_2027
PRG_MAT_EXP_2019;ITM_MAT_EXP_2019_02_01_03;TG;2026_2027
PRG_MAT_EXP_2019;ITM_MAT_EXP_2019_02_01_04;TG;2026_2027
PRG_MAT_EXP_2019;ITM_MAT_EXP_2019_02_01_05;TG;2026_2027
PRG_MAT_EXP_2019;ITM_MAT_EXP_2019_02_01_06;TG;2026_2027
PRG_MAT_EXP_2019;ITM_MAT_EXP_2019_03_01;TG;2026_2027
PRG_MAT_EXP_2019;ITM_MAT_EXP_2019_03_01_01;TG;2026_2027
PRG_MAT_EXP_2019;ITM_MAT_EXP_2019_03_01_02;TG;2026_2027
PRG_MAT_EXP_2019;ITM_MAT_EXP_2019_03_01_03;TG;2026_2027
PRG_MAT_EXP_2019;ITM_MAT_EXP_2019_03_02;TG;2026_2027
PRG_MAT_EXP_2019;ITM_MAT_EXP_2019_03_02_01;TG;2026_2027
PRG_MAT_EXP_2019;ITM_MAT_EXP_2019_03_02_02;TG;2026_2027
PRG_MAT_EXP_2019;ITM_MAT_EXP_2019_03_02_03;TG;2026_2027
PRG_MAT_EXP_2019;ITM_MAT_EXP_2019_03_02_04;TG;2026_2027
