notion_id;discipline_id;libelle;description;document
MAT_ACTIVITES_GEOMETRIQUES_UNIQUEMENT_POUR_LA_SERIE_STD2A;MAT;Activités géométriques (uniquement pour la série STD2A);Repères, méthodes et automatismes essentiels sur : Activités géométriques (uniquement pour la série STD2A).;rappels/mathematiques/activites_geometriques_std2a.md
MAT_AIRES;MAT;Aires;Repères, méthodes et automatismes essentiels sur : Aires.;rappels/mathematiques/aires.md
MAT_ALGEBRE_ET_GEOMETRIE;MAT;Algèbre et géométrie;Repères, méthodes et automatismes essentiels sur : Algèbre et géométrie.;rappels/mathematiques/algebre_et_geometrie.md
MAT_ALGORITHMIQUE_ET_PROGRAMMATION;MAT;Algorithmique et programmation;Repères, méthodes et automatismes essentiels sur : Algorithmique et programmation.;rappels/mathematiques/algorithmique_et_programmation.md
MAT_ALGORITHMIQUE_ET_PROGRAMMATION_SAUF_SERIE_STD2A;MAT;Algorithmique et programmation (sauf série STD2A);Repères, méthodes et automatismes essentiels sur : Algorithmique et programmation (sauf série STD2A).;rappels/mathematiques/algorithmique_programmation_hors_std2a.md
MAT_ANALYSE;MAT;Analyse;Repères, méthodes et automatismes essentiels sur : Analyse.;rappels/mathematiques/analyse.md
MAT_ANALYSE_DE_L_INFORMATION_CHIFFREE;MAT;Analyse de l’information chiffrée;Repères, méthodes et automatismes essentiels sur : Analyse de l’information chiffrée.;rappels/mathematiques/analyse_de_l_information_chiffree.md
MAT_ANGLES;MAT;Angles;Repères, méthodes et automatismes essentiels sur : Angles.;rappels/mathematiques/angles.md
MAT_APPROCHE_HISTORIQUE_DE_LA_FONCTION_LOGARITHME;MAT;Approche historique de la fonction logarithme;Repères, méthodes et automatismes essentiels sur : Approche historique de la fonction logarithme.;rappels/mathematiques/approche_historique_de_la_fonction_logarithme.md
MAT_ARITHMETIQUE;MAT;Arithmétique;Repères, méthodes et automatismes essentiels sur : Arithmétique.;rappels/mathematiques/arithmetique.md
MAT_CALCULS_D_AIRES;MAT;Calculs d’aires;Repères, méthodes et automatismes essentiels sur : Calculs d’aires.;rappels/mathematiques/calculs_d_aires.md
MAT_CALCUL_INTEGRAL;MAT;Calcul intégral;Intégrale, primitives, propriétés, aires et valeur moyenne.;rappels/mathematiques/calcul_integral.md
MAT_CALCUL_NUMERIQUE_ET_ALGEBRIQUE;MAT;Calcul numérique et algébrique;Repères, méthodes et automatismes essentiels sur : Calcul numérique et algébrique.;rappels/mathematiques/calcul_numerique_et_algebrique.md
MAT_CALCUL_VECTORIEL_ET_PRODUIT_SCALAIRE;MAT;Calcul vectoriel et produit scalaire;Repères, méthodes et automatismes essentiels sur : Calcul vectoriel et produit scalaire.;rappels/mathematiques/calcul_vectoriel_et_produit_scalaire.md
MAT_CALC_LITT;MAT;Calcul littéral;Traduire, réduire et transformer des expressions littérales simples.;rappels/mathematiques/calcul_litteral.md
MAT_COMBINATOIRE_ET_DENOMBREMENT;MAT;Combinatoire et dénombrement;Dénombrement par principes additif et multiplicatif, permutations et coefficients binomiaux.;rappels/mathematiques/combinatoire_et_denombrement.md
MAT_COMPLEMENTS_SUR_LA_DERIVATION;MAT;Compléments sur la dérivation;Dérivation, variations, dérivée seconde, convexité et points d’inflexion.;rappels/mathematiques/complements_sur_la_derivation.md
MAT_CONCENTRATION_LOI_DES_GRANDS_NOMBRES;MAT;Concentration, loi des grands nombres;Inégalité de Bienaymé-Tchebychev, concentration et loi des grands nombres.;rappels/mathematiques/concentration_loi_des_grands_nombres.md
MAT_CONFIGURATIONS_PLANES;MAT;Configurations planes;Repères, méthodes et automatismes essentiels sur : Configurations planes.;rappels/mathematiques/configurations_planes.md
MAT_CONTINUITE_DES_FONCTIONS_D_UNE_VARIABLE_REELLE;MAT;Continuité des fonctions d’une variable réelle;Continuité, théorème des valeurs intermédiaires, existence et unicité de solutions.;rappels/mathematiques/continuite_des_fonctions_d_une_variable_reelle.md
MAT_CORRELATION_ET_CAUSALITE;MAT;Corrélation et causalité;Repères, méthodes et automatismes essentiels sur : Corrélation et causalité.;rappels/mathematiques/correlation_et_causalite.md
MAT_CROISEMENT_DE_DEUX_VARIABLES_QUALITATIVES;MAT;Croisement de deux variables qualitatives;Repères, méthodes et automatismes essentiels sur : Croisement de deux variables qualitatives.;rappels/mathematiques/croisement_de_deux_variables_qualitatives.md
MAT_DERIVATION;MAT;Dérivation;Repères, méthodes et automatismes essentiels sur : Dérivation.;rappels/mathematiques/derivation.md
MAT_DROITES_DU_PLAN;MAT;Droites du plan;Repères, méthodes et automatismes essentiels sur : Droites du plan.;rappels/mathematiques/droites_du_plan.md
MAT_EQ1;MAT;Équations du premier degré;Comprendre une égalité à inconnue et résoudre des équations simples.;rappels/mathematiques/equations_premier_degre.md
MAT_EQUATIONS_FONCTIONS_POLYNOMES_DU_SECOND_DEGRE;MAT;Équations, fonctions polynômes du second degré;Repères, méthodes et automatismes essentiels sur : Équations, fonctions polynômes du second degré.;rappels/mathematiques/equations_fonctions_polynomes_du_second_degre.md
MAT_EVOLUTIONS_ET_VARIATIONS;MAT;Évolutions et variations;Repères, méthodes et automatismes essentiels sur : Évolutions et variations.;rappels/mathematiques/evolutions_et_variations.md
MAT_EXPERIMENTATIONS;MAT;Expérimentations;Repères, méthodes et automatismes essentiels sur : Expérimentations.;rappels/mathematiques/experimentations.md
MAT_FONCTIONS;MAT;Fonctions;Repères, méthodes et automatismes essentiels sur : Fonctions.;rappels/mathematiques/fonctions.md
MAT_FONCTIONS_CONTINUITE_DERIVABILITE_LIMITES_REPRESENTATIO;MAT;Fonctions : continuité, dérivabilité, limites, représentation graphique;Repères, méthodes et automatismes essentiels sur : Fonctions : continuité, dérivabilité, limites, représentation graphique.;rappels/mathematiques/fonctions_continuite_limites.md
MAT_FONCTIONS_CONVEXES;MAT;Fonctions convexes;Repères, méthodes et automatismes essentiels sur : Fonctions convexes.;rappels/mathematiques/fonctions_convexes.md
MAT_FONCTIONS_DE_LA_VARIABLE_REELLE;MAT;Fonctions de la variable réelle;Repères, méthodes et automatismes essentiels sur : Fonctions de la variable réelle.;rappels/mathematiques/fonctions_de_la_variable_reelle.md
MAT_FONCTIONS_ET_REPRESENTATIONS;MAT;Fonctions et représentations;Repères, méthodes et automatismes essentiels sur : Fonctions et représentations.;rappels/mathematiques/fonctions_et_representations.md
MAT_FONCTIONS_EXPONENTIELLES;MAT;Fonctions exponentielles;Repères, méthodes et automatismes essentiels sur : Fonctions exponentielles.;rappels/mathematiques/fonctions_exponentielles.md
MAT_FONCTIONS_SINUS_ET_COSINUS;MAT;Fonctions sinus et cosinus;Fonctions trigonométriques, périodicité, dérivation et variations.;rappels/mathematiques/fonctions_sinus_et_cosinus.md
MAT_FONCTION_EXPONENTIELLE;MAT;Fonction exponentielle;Repères, méthodes et automatismes essentiels sur : Fonction exponentielle.;rappels/mathematiques/fonction_exponentielle.md
MAT_FONCTION_INVERSE;MAT;Fonction inverse;Repères, méthodes et automatismes essentiels sur : Fonction inverse.;rappels/mathematiques/fonction_inverse.md
MAT_FONCTION_LOGARITHME;MAT;Fonction logarithme;Logarithme népérien, propriétés algébriques, dérivée, limites et équations exponentielles.;rappels/mathematiques/fonction_logarithme.md
MAT_FONCTION_LOGARITHME_DECIMAL;MAT;Fonction logarithme décimal;Repères, méthodes et automatismes essentiels sur : Fonction logarithme décimal.;rappels/mathematiques/fonction_logarithme_decimal.md
MAT_FRACTION_ADD;MAT;Addition et soustraction de fractions;Additionner et soustraire des fractions en utilisant des écritures équivalentes.;rappels/mathematiques/addition_fractions.md
MAT_FRACTION_QTE;MAT;Fraction d’une quantité;Calculer et interpréter une fraction d’une quantité.;rappels/mathematiques/fraction_quantite.md
MAT_FRACTION_SENS;MAT;Fractions : sens et représentations;Comprendre une fraction comme nombre, quotient et opérateur.;rappels/mathematiques/fractions_sens.md
MAT_GEOMETRIE;MAT;Géométrie;Repères, méthodes et automatismes essentiels sur : Géométrie.;rappels/mathematiques/geometrie.md
MAT_GEOMETRIE_DANS_L_ESPACE;MAT;Géométrie dans l’espace;Repères, méthodes et automatismes essentiels sur : Géométrie dans l’espace.;rappels/mathematiques/geometrie_dans_l_espace.md
MAT_GEOMETRIE_PLANE;MAT;Géométrie plane;Repères, méthodes et automatismes essentiels sur : Géométrie plane.;rappels/mathematiques/geometrie_plane.md
MAT_GEOMETRIE_REPEREE;MAT;Géométrie repérée;Repères, méthodes et automatismes essentiels sur : Géométrie repérée.;rappels/mathematiques/geometrie_reperee.md
MAT_HORAIRES_ET_DUREES;MAT;Horaires et durées;Repères, méthodes et automatismes essentiels sur : Horaires et durées.;rappels/mathematiques/horaires_et_durees.md
MAT_INFERENCE_BAYESIENNE;MAT;Inférence bayésienne;Repères, méthodes et automatismes essentiels sur : Inférence bayésienne.;rappels/mathematiques/inference_bayesienne.md
MAT_INFORMATION_CHIFFREE_ET_STATISTIQUE_DESCRIPTIVE;MAT;Information chiffrée et statistique descriptive;Repères, méthodes et automatismes essentiels sur : Information chiffrée et statistique descriptive.;rappels/mathematiques/statistique_descriptive.md
MAT_INSTRUCTIONS_SEQUENCES_ET_REPETITIONS;MAT;Instructions, séquences et répétitions;Repères, méthodes et automatismes essentiels sur : Instructions, séquences et répétitions.;rappels/mathematiques/instructions_sequences_et_repetitions.md
MAT_INTEGRATION;MAT;Intégration;Repères, méthodes et automatismes essentiels sur : Intégration.;rappels/mathematiques/integration.md
MAT_LIMITES_DES_FONCTIONS;MAT;Limites des fonctions;Limites en un point ou à l’infini, opérations, formes indéterminées et asymptotes.;rappels/mathematiques/limites_des_fonctions.md
MAT_LISTE_INDICATIVE_DE_THEMES;MAT;Liste indicative de thèmes;Repères, méthodes et automatismes essentiels sur : Liste indicative de thèmes.;rappels/mathematiques/liste_indicative_de_themes.md
MAT_LOIS_A_DENSITE;MAT;Lois à densité;Repères, méthodes et automatismes essentiels sur : Lois à densité.;rappels/mathematiques/lois_a_densite.md
MAT_LOIS_DISCRETES;MAT;Lois discrètes;Repères, méthodes et automatismes essentiels sur : Lois discrètes.;rappels/mathematiques/lois_discretes.md
MAT_LONGUEURS_ET_PERIMETRES;MAT;Longueurs et périmètres;Repères, méthodes et automatismes essentiels sur : Longueurs et périmètres.;rappels/mathematiques/longueurs_et_perimetres.md
MAT_MANIPULATION_DES_VECTEURS_DES_DROITES_ET_DES_PLANS_DE_L;MAT;Manipulation des vecteurs, des droites et des plans de l’espace;Vecteurs de l’espace, colinéarité, coplanarité, droites et plans.;rappels/mathematiques/vecteurs_droites_plans_espace.md
MAT_MODELES_DEFINIS_PAR_UNE_FONCTION_D_UNE_VARIABLE;MAT;Modèles définis par une fonction d’une variable;Repères, méthodes et automatismes essentiels sur : Modèles définis par une fonction d’une variable.;rappels/mathematiques/modeles_fonction_une_variable.md
MAT_MODELES_D_EVOLUTION;MAT;Modèles d’évolution;Repères, méthodes et automatismes essentiels sur : Modèles d’évolution.;rappels/mathematiques/modeles_d_evolution.md
MAT_MODELE_ASSOCIE_A_UNE_EXPERIENCE_ALEATOIRE_A_PLUSIEURS_E;MAT;Modèle associé à une expérience aléatoire à plusieurs épreuves indépendantes;Repères, méthodes et automatismes essentiels sur : Modèle associé à une expérience aléatoire à plusieurs épreuves indépendantes.;rappels/mathematiques/experiences_independantes_multiples.md
MAT_MODELISATION_QUADRATIQUE;MAT;Modélisation quadratique;Repères, méthodes et automatismes essentiels sur : Modélisation quadratique.;rappels/mathematiques/modelisation_quadratique.md
MAT_MULTIPLES_ET_DIVISEURS;MAT;Multiples et diviseurs;Repères, méthodes et automatismes essentiels sur : Multiples et diviseurs.;rappels/mathematiques/multiples_et_diviseurs.md
MAT_NOMBRES_ENTIERS_ET_DECIMAUX;MAT;Nombres entiers et décimaux;Repères, méthodes et automatismes essentiels sur : Nombres entiers et décimaux.;rappels/mathematiques/nombres_entiers_et_decimaux.md
MAT_NOMBRES_ET_CALCULS_ALGEBRE;MAT;Nombres et calculs, algèbre;Repères, méthodes et automatismes essentiels sur : Nombres et calculs, algèbre.;rappels/mathematiques/nombres_et_calculs_algebre.md
MAT_NOMBRES_RATIONNELS;MAT;Nombres rationnels;Repères, méthodes et automatismes essentiels sur : Nombres rationnels.;rappels/mathematiques/nombres_rationnels.md
MAT_NOMBRES_REELS;MAT;Nombres réels;Repères, méthodes et automatismes essentiels sur : Nombres réels.;rappels/mathematiques/nombres_reels.md
MAT_NOTION_DE_FONCTION;MAT;Notion de fonction;Repères, méthodes et automatismes essentiels sur : Notion de fonction.;rappels/mathematiques/notion_de_fonction.md
MAT_NOTION_DE_LISTE;MAT;Notion de liste;Listes en algorithmique, indices, parcours, ajout et traitement de valeurs.;rappels/mathematiques/notion_de_liste.md
MAT_OPERATIONS;MAT;Opérations;Repères, méthodes et automatismes essentiels sur : Opérations.;rappels/mathematiques/operations.md
MAT_ORGANISATION_ET_GESTION_DE_DONNEES;MAT;Organisation et gestion de données;Repères, méthodes et automatismes essentiels sur : Organisation et gestion de données.;rappels/mathematiques/organisation_et_gestion_de_donnees.md
MAT_ORTHOGONALITE_ET_DISTANCES_DANS_L_ESPACE;MAT;Orthogonalité et distances dans l’espace;Produit scalaire dans l’espace, orthogonalité, vecteurs normaux et distances.;rappels/mathematiques/orthogonalite_et_distances_dans_l_espace.md
MAT_PARALLELOGRAMMES;MAT;Parallélogrammes;Repères, méthodes et automatismes essentiels sur : Parallélogrammes.;rappels/mathematiques/parallelogrammes.md
MAT_PARALLELOGRAMMES_ET_TRANSLATIONS;MAT;Parallélogrammes et translations;Repères, méthodes et automatismes essentiels sur : Parallélogrammes et translations.;rappels/mathematiques/parallelogrammes_et_translations.md
MAT_PHENOMENES_ALEATOIRES;MAT;Phénomènes aléatoires;Repères, méthodes et automatismes essentiels sur : Phénomènes aléatoires.;rappels/mathematiques/phenomenes_aleatoires.md
MAT_PHENOMENES_D_EVOLUTION_MODELISATION_PAR_DES_FONCTIONS;MAT;Phénomènes d’évolution, modélisation par des fonctions;Repères, méthodes et automatismes essentiels sur : Phénomènes d’évolution, modélisation par des fonctions.;rappels/mathematiques/evolution_modelisation_fonctions.md
MAT_POURCENTAGE;MAT;Pourcentages;Relier pourcentage, fraction, proportion et quantité.;rappels/mathematiques/pourcentages.md
MAT_PREMIERS_RAISONNEMENTS_ALGEBRIQUES;MAT;Premiers raisonnements algébriques;Repères, méthodes et automatismes essentiels sur : Premiers raisonnements algébriques.;rappels/mathematiques/premiers_raisonnements_algebriques.md
MAT_PRIMITIVES_EQUATIONS_DIFFERENTIELLES;MAT;Primitives, équations différentielles;Primitives et résolution d’équations différentielles élémentaires avec conditions initiales.;rappels/mathematiques/primitives_equations_differentielles.md
MAT_PRIMITIVES_ET_EQUATIONS_DIFFERENTIELLES;MAT;Primitives et équations différentielles;Repères, méthodes et automatismes essentiels sur : Primitives et équations différentielles.;rappels/mathematiques/primitives_et_equations_differentielles.md
MAT_PROBABILITES;MAT;Probabilités;Repères, méthodes et automatismes essentiels sur : Probabilités.;rappels/mathematiques/probabilites.md
MAT_PROBABILITES_CONDITIONNELLES;MAT;Probabilités conditionnelles;Repères, méthodes et automatismes essentiels sur : Probabilités conditionnelles.;rappels/mathematiques/probabilites_conditionnelles.md
MAT_PROBABILITES_CONDITIONNELLES_ET_INDEPENDANCE;MAT;Probabilités conditionnelles et indépendance;Repères, méthodes et automatismes essentiels sur : Probabilités conditionnelles et indépendance.;rappels/mathematiques/probabilites_conditionnelles_et_independance.md
MAT_PROBABILITES_CONDITIONNELLES_INDEPENDANCE;MAT;Probabilités conditionnelles : indépendance;Repères, méthodes et automatismes essentiels sur : Probabilités conditionnelles : indépendance.;rappels/mathematiques/probabilites_conditionnelles_independance.md
MAT_PROBABILITES_ET_STATISTIQUE;MAT;Probabilités et statistique;Repères, méthodes et automatismes essentiels sur : Probabilités et statistique.;rappels/mathematiques/probabilites_et_statistique.md
MAT_PROBABILITES_ET_STATISTIQUES;MAT;Probabilités et statistiques;Repères, méthodes et automatismes essentiels sur : Probabilités et statistiques.;rappels/mathematiques/probabilites_et_statistiques.md
MAT_PROP;MAT;Proportionnalité;Reconnaître et traiter une situation de proportionnalité.;rappels/mathematiques/proportionnalite.md
MAT_PUISSANCES;MAT;Puissances;Repères, méthodes et automatismes essentiels sur : Puissances.;rappels/mathematiques/puissances.md
MAT_RACINE_CARREE;MAT;Racine carrée;Repères, méthodes et automatismes essentiels sur : Racine carrée.;rappels/mathematiques/racine_carree.md
MAT_RELATIFS;MAT;Nombres relatifs;Repérer, comparer et calculer avec des nombres relatifs.;rappels/mathematiques/nombres_relatifs.md
MAT_REPARTITION_DES_RICHESSES_INEGALITES;MAT;Répartition des richesses, inégalités;Repères, méthodes et automatismes essentiels sur : Répartition des richesses, inégalités.;rappels/mathematiques/repartition_des_richesses_inegalites.md
MAT_REPERAGE_SUR_UNE_DROITE_ET_DANS_LE_PLAN;MAT;Repérage sur une droite et dans le plan;Repères, méthodes et automatismes essentiels sur : Repérage sur une droite et dans le plan.;rappels/mathematiques/reperage_sur_une_droite_et_dans_le_plan.md
MAT_REPETITION_D_EXPERIENCES_INDEPENDANTES_ECHANTILLONNAGE;MAT;Répétition d’expériences indépendantes, échantillonnage;Repères, méthodes et automatismes essentiels sur : Répétition d’expériences indépendantes, échantillonnage.;rappels/mathematiques/echantillonnage_experiences_indep.md
MAT_REPRESENTATIONS_PARAMETRIQUES_ET_EQUATIONS_CARTESIENNES;MAT;Représentations paramétriques et équations cartésiennes;Représentations paramétriques des droites, équations cartésiennes des plans et intersections.;rappels/mathematiques/equations_parametriques_cartesiennes.md
MAT_REPRESENTATION_ALGEBRIQUE_ET_GRAPHIQUE_DES_FONCTIONS;MAT;Représentation algébrique et graphique des fonctions;Repères, méthodes et automatismes essentiels sur : Représentation algébrique et graphique des fonctions.;rappels/mathematiques/representation_fonctions.md
MAT_REPRESENTATION_DE_L_ESPACE;MAT;Représentation de l’espace;Repères, méthodes et automatismes essentiels sur : Représentation de l’espace.;rappels/mathematiques/representation_de_l_espace.md
MAT_SERIES_STATISTIQUES_A_DEUX_VARIABLES_QUANTITATIVES;MAT;Séries statistiques à deux variables quantitatives;Repères, méthodes et automatismes essentiels sur : Séries statistiques à deux variables quantitatives.;rappels/mathematiques/statistiques_deux_variables.md
MAT_SOMMES_DE_VARIABLES_ALEATOIRES;MAT;Sommes de variables aléatoires;Sommes de variables aléatoires, linéarité de l’espérance et variance sous indépendance.;rappels/mathematiques/sommes_de_variables_aleatoires.md
MAT_STATISTIQUES;MAT;Statistiques;Repères, méthodes et automatismes essentiels sur : Statistiques.;rappels/mathematiques/statistiques.md
MAT_STATISTIQUES_ET_PROBABILITES;MAT;Statistiques et probabilités;Repères, méthodes et automatismes essentiels sur : Statistiques et probabilités.;rappels/mathematiques/statistiques_et_probabilites.md
MAT_STATISTIQUE_A_DEUX_VARIABLES_QUANTITATIVES;MAT;Statistique à deux variables quantitatives;Repères, méthodes et automatismes essentiels sur : Statistique à deux variables quantitatives.;rappels/mathematiques/statistique_a_deux_variables_quantitatives.md
MAT_STATISTIQUE_ET_PROBABILITES;MAT;Statistique et probabilités;Repères, méthodes et automatismes essentiels sur : Statistique et probabilités.;rappels/mathematiques/statistique_et_probabilites.md
MAT_SUCCESSION_D_EPREUVES_INDEPENDANTES_SCHEMA_DE_BERNOULLI;MAT;Succession d’épreuves indépendantes, schéma de Bernoulli;Épreuves indépendantes, schéma de Bernoulli et loi binomiale.;rappels/mathematiques/schema_bernoulli.md
MAT_SUITES;MAT;Suites;Repères, méthodes et automatismes essentiels sur : Suites.;rappels/mathematiques/suites.md
MAT_SUITES_NUMERIQUES;MAT;Suites numériques;Variations, bornes, convergence, limites et raisonnement par récurrence pour les suites.;rappels/mathematiques/suites_numeriques.md
MAT_SUITES_NUMERIQUES_MODELES_DISCRETS;MAT;Suites numériques, modèles discrets;Repères, méthodes et automatismes essentiels sur : Suites numériques, modèles discrets.;rappels/mathematiques/suites_numeriques_modeles_discrets.md
MAT_TEMPS_D_ATTENTE;MAT;Temps d’attente;Repères, méthodes et automatismes essentiels sur : Temps d’attente.;rappels/mathematiques/temps_d_attente.md
MAT_TRANSFORMATIONS;MAT;Transformations;Repères, méthodes et automatismes essentiels sur : Transformations.;rappels/mathematiques/transformations.md
MAT_TRANSLATIONS_ET_VECTEURS;MAT;Translations et vecteurs;Repères, méthodes et automatismes essentiels sur : Translations et vecteurs.;rappels/mathematiques/translations_et_vecteurs.md
MAT_TRIANGLES;MAT;Triangles;Repères, méthodes et automatismes essentiels sur : Triangles.;rappels/mathematiques/triangles.md
MAT_TRIGONOMETRIE;MAT;Trigonométrie;Repères, méthodes et automatismes essentiels sur : Trigonométrie.;rappels/mathematiques/trigonometrie.md
MAT_VARIABLES_ALEATOIRES;MAT;Variables aléatoires;Repères, méthodes et automatismes essentiels sur : Variables aléatoires.;rappels/mathematiques/variables_aleatoires.md
MAT_VARIABLES_ALEATOIRES_DISCRETES_FINIES;MAT;Variables aléatoires discrètes finies;Repères, méthodes et automatismes essentiels sur : Variables aléatoires discrètes finies.;rappels/mathematiques/variables_aleatoires_discretes_finies.md
MAT_VARIABLES_ALEATOIRES_REELLES;MAT;Variables aléatoires réelles;Repères, méthodes et automatismes essentiels sur : Variables aléatoires réelles.;rappels/mathematiques/variables_aleatoires_reelles.md
MAT_VARIABLES_ET_INSTRUCTIONS_ELEMENTAIRES;MAT;Variables et instructions élémentaires;Repères, méthodes et automatismes essentiels sur : Variables et instructions élémentaires.;rappels/mathematiques/variables_et_instructions_elementaires.md
MAT_VARIATIONS_ET_COURBES_REPRESENTATIVES_DES_FONCTIONS;MAT;Variations et courbes représentatives des fonctions;Repères, méthodes et automatismes essentiels sur : Variations et courbes représentatives des fonctions.;rappels/mathematiques/variations_courbes_fonctions.md
MAT_VARIATIONS_ET_EXTREMUMS_D_UNE_FONCTION;MAT;Variations et extrémums d’une fonction;Repères, méthodes et automatismes essentiels sur : Variations et extrémums d’une fonction.;rappels/mathematiques/variations_et_extremums_d_une_fonction.md
MAT_VARIATION_EXPONENTIELLE;MAT;Variation exponentielle;Repères, méthodes et automatismes essentiels sur : Variation exponentielle.;rappels/mathematiques/variation_exponentielle.md
MAT_VARIATION_LINEAIRE;MAT;Variation linéaire;Repères, méthodes et automatismes essentiels sur : Variation linéaire.;rappels/mathematiques/variation_lineaire.md
MAT_VECTEURS_ET_PROBLEMES_DE_GEOMETRIE;MAT;Vecteurs et problèmes de géométrie;Repères, méthodes et automatismes essentiels sur : Vecteurs et problèmes de géométrie.;rappels/mathematiques/vecteurs_et_problemes_de_geometrie.md
MAT_VISION_DANS_L_ESPACE;MAT;Vision dans l’espace;Repères, méthodes et automatismes essentiels sur : Vision dans l’espace.;rappels/mathematiques/vision_dans_l_espace.md
MAT_VOCABULAIRE_ENSEMBLISTE_ET_LOGIQUE;MAT;Vocabulaire ensembliste et logique;Repères, méthodes et automatismes essentiels sur : Vocabulaire ensembliste et logique.;rappels/mathematiques/vocabulaire_ensembliste_et_logique.md
MAT_VOLUMES;MAT;Volumes;Repères, méthodes et automatismes essentiels sur : Volumes.;rappels/mathematiques/volumes.md
MAT_NOMBRES_COMPLEXES;MAT;Nombres complexes;Calcul algébrique, formes trigonométrique et exponentielle, géométrie complexe et équations polynomiales.;rappels/mathematiques/nombres_complexes.md
MAT_GRAPHES_MATRICES;MAT;Graphes et matrices;Graphes, matrices d’adjacence, calcul matriciel, systèmes linéaires et modélisation discrète.;rappels/mathematiques/graphes_matrices.md
FRA_LECTURE_COMPREHENSION;FRA;Lecture et compréhension;Notion repère pour la classe de sixième.;rappels/transdisciplinaires/fra_lecture_comprehension.md
FRA_CULTURE_LITTERAIRE;FRA;Culture littéraire;Notion repère pour la classe de sixième.;rappels/transdisciplinaires/fra_culture_litteraire.md
FRA_ECRITURE;FRA;Écriture;Notion repère pour la classe de sixième.;rappels/transdisciplinaires/fra_ecriture.md
FRA_ORAL;FRA;Expression orale;Notion repère pour la classe de sixième.;rappels/transdisciplinaires/fra_oral.md
FRA_VOCABULAIRE;FRA;Vocabulaire;Notion repère pour la classe de sixième.;rappels/transdisciplinaires/fra_vocabulaire.md
FRA_GRAMMAIRE_ORTHOGRAPHE;FRA;Grammaire et orthographe;Notion repère pour la classe de sixième.;rappels/transdisciplinaires/fra_grammaire_orthographe.md
HG_PREHISTOIRE_MIGRATIONS;HG;Préhistoire et migrations;Notion repère pour la classe de sixième.;rappels/transdisciplinaires/hg_prehistoire_migrations.md
HG_MEDITERRANEE_ANTIQUE;HG;Méditerranée antique;Notion repère pour la classe de sixième.;rappels/transdisciplinaires/hg_mediterranee_antique.md
HG_EMPIRE_ROMAIN;HG;Empire romain;Notion repère pour la classe de sixième.;rappels/transdisciplinaires/hg_empire_romain.md
GEO_METROPOLES;HG;Habiter une métropole;Notion repère pour la classe de sixième.;rappels/transdisciplinaires/geo_metropoles.md
GEO_FAIBLE_DENSITE;HG;Espaces de faible densité;Notion repère pour la classe de sixième.;rappels/transdisciplinaires/geo_faible_densite.md
GEO_LITTORAUX;HG;Littoraux;Notion repère pour la classe de sixième.;rappels/transdisciplinaires/geo_littoraux.md
GEO_REPARTITION_POPULATION;HG;Répartition de la population;Notion repère pour la classe de sixième.;rappels/transdisciplinaires/geo_repartition_population.md
SCI_MATIERE_ENERGIE;SCI;Matière et énergie;Notion repère pour la classe de sixième.;rappels/transdisciplinaires/sci_matiere_energie.md
SCI_VIVANT;SCI;Le vivant;Notion repère pour la classe de sixième.;rappels/transdisciplinaires/sci_vivant.md
SCI_OBJETS_TECHNIQUES;SCI;Objets techniques;Notion repère pour la classe de sixième.;rappels/transdisciplinaires/sci_objets_techniques.md
SCI_TERRE_ENVIRONNEMENT;SCI;Terre et environnement;Notion repère pour la classe de sixième.;rappels/transdisciplinaires/sci_terre_environnement.md
LVE_REPERES_CULTURELS;LVE;Repères culturels;Notion repère pour la classe de sixième.;rappels/transdisciplinaires/lve_reperes_culturels.md
LVE_COMPREHENSION;LVE;Compréhension en langue vivante;Notion repère pour la classe de sixième.;rappels/transdisciplinaires/lve_comprehension.md
LVE_EXPRESSION_INTERACTION;LVE;Expression et interaction;Notion repère pour la classe de sixième.;rappels/transdisciplinaires/lve_expression_interaction.md
LVE_OUTILS_LINGUISTIQUES;LVE;Outils linguistiques;Notion repère pour la classe de sixième.;rappels/transdisciplinaires/lve_outils_linguistiques.md
EMC_INTERET_GENERAL;EMC;Intérêt général et représentation;Notion repère pour la classe de sixième.;rappels/transdisciplinaires/emc_interet_general.md
EMC_LAICITE;EMC;Laïcité;Notion repère pour la classe de sixième.;rappels/transdisciplinaires/emc_laicite.md
EMC_VIE_PRIVEE;EMC;Droits et vie privée;Notion repère pour la classe de sixième.;rappels/transdisciplinaires/emc_vie_privee.md
EPS_PERFORMANCE;EPS;Performance mesurable;Notion repère pour la classe de sixième.;rappels/transdisciplinaires/eps_performance.md
EPS_DEPLACEMENTS;EPS;Déplacements en environnement varié;Notion repère pour la classe de sixième.;rappels/transdisciplinaires/eps_deplacements.md
EPS_EXPRESSION;EPS;Expression artistique et acrobatique;Notion repère pour la classe de sixième.;rappels/transdisciplinaires/eps_expression.md
EPS_AFFRONTEMENT;EPS;Affrontement collectif ou individuel;Notion repère pour la classe de sixième.;rappels/transdisciplinaires/eps_affrontement.md
ARTS_REPRESENTATION;ARTS;Représentation plastique;Notion repère pour la classe de sixième.;rappels/transdisciplinaires/arts_representation.md
ARTS_OBJET_ESPACE;ARTS;Objet et espace;Notion repère pour la classe de sixième.;rappels/transdisciplinaires/arts_objet_espace.md
ARTS_MATERIALITE;ARTS;Matérialité et œuvre;Notion repère pour la classe de sixième.;rappels/transdisciplinaires/arts_materialite.md
MUS_CHANTER;MUS;Chanter et interpréter;Notion repère pour la classe de sixième.;rappels/transdisciplinaires/mus_chanter.md
MUS_ECOUTER;MUS;Écoute musicale;Notion repère pour la classe de sixième.;rappels/transdisciplinaires/mus_ecouter.md
MUS_CREER;MUS;Création musicale;Notion repère pour la classe de sixième.;rappels/transdisciplinaires/mus_creer.md
MUS_ARGUMENTER;MUS;Échange et argumentation musicale;Notion repère pour la classe de sixième.;rappels/transdisciplinaires/mus_argumenter.md
HG_CHRETIENTES_ISLAM;HG;Chrétientés et islam au Moyen Âge;Repères sur les mondes chrétien et musulman médiévaux.;rappels/histoire_geographie/chretientes_islam.md
HG_SOCIETE_FEODALE;HG;Société féodale et Église;Organisation des sociétés rurales et urbaines de l’Occident médiéval.;rappels/histoire_geographie/societe_feodale.md
HG_RENAISSANCE_REFORMES;HG;Renaissance, réformes et ouverture du monde;Transformations culturelles, religieuses et politiques des XVe-XVIIe siècles.;rappels/histoire_geographie/renaissance_reformes.md
GEO_DEMOGRAPHIE_DEVELOPPEMENT;HG;Démographie et développement;Croissance démographique, développement et inégalités.;rappels/histoire_geographie/demographie_developpement.md
GEO_RESSOURCES;HG;Ressources et développement durable;Gestion de l’eau, de l’énergie et des ressources.;rappels/histoire_geographie/ressources.md
GEO_RISQUES_CHANGEMENT_GLOBAL;HG;Risques et changement global;Vulnérabilités, prévention et adaptation au changement global.;rappels/histoire_geographie/risques_changement_global.md
HG_LUMIERES_REVOLUTIONS;HG;Lumières, révolutions et empires;Repères sur le XVIIIe siècle, les Lumières et les révolutions.;rappels/histoire_geographie/lumieres_revolutions.md
HG_INDUSTRIALISATION_XIX;HG;Industrialisation et société au XIXe siècle;Transformations économiques, sociales et politiques du XIXe siècle.;rappels/histoire_geographie/industrialisation_xix.md
HG_FRANCE_XIX;HG;France politique et société au XIXe siècle;Construction de la République et évolutions de la société française.;rappels/histoire_geographie/france_xix.md
GEO_URBANISATION_MONDE;HG;Urbanisation du monde;Croissance urbaine, métropolisation et paysages urbains.;rappels/histoire_geographie/urbanisation_monde.md
GEO_MOBILITES_TRANSNATIONALES;HG;Mobilités humaines transnationales;Migrations internationales et tourisme.;rappels/histoire_geographie/mobilites_transnationales.md
GEO_MONDIALISATION_ESPACES;HG;Espaces de la mondialisation;Mers, littoraux et territoires transformés par la mondialisation.;rappels/histoire_geographie/mondialisation_espaces.md
HG_GUERRES_TOTALES;HG;Guerres totales et totalitarismes;Première et Seconde Guerres mondiales et régimes totalitaires.;rappels/histoire_geographie/guerres_totales.md
HG_MONDE_DEPUIS_1945;HG;Le monde depuis 1945;Décolonisation, guerre froide et nouveaux équilibres mondiaux.;rappels/histoire_geographie/monde_depuis_1945.md
HG_REPUBLIQUE_FRANCE_CONTEMPORAINE;HG;République et société françaises depuis 1944;Évolutions politiques, sociales et institutionnelles de la France contemporaine.;rappels/histoire_geographie/republique_france_contemporaine.md
GEO_FRANCE_DYNAMIQUES_TERRITORIALES;HG;Dynamiques territoriales de la France;Aires urbaines, espaces productifs et espaces de faible densité.;rappels/histoire_geographie/france_dynamiques_territoriales.md
GEO_AMENAGEMENT_TERRITOIRE;HG;Aménagement du territoire;Acteurs, enjeux et inégalités territoriales.;rappels/histoire_geographie/amenagement_territoire.md
GEO_FRANCE_UE;HG;France et Union européenne;Territoire français dans l’Union européenne et dans le monde.;rappels/histoire_geographie/france_ue.md
EMC_EGALITE_SOLIDARITE;EMC;Égalité, fraternité et solidarité;Principes d’égalité, de fraternité, de solidarité et lutte contre les discriminations.;rappels/emc/egalite_solidarite.md
EMC_DROITS_LIBERTES;EMC;Droits et libertés;Libertés fondamentales, droits et responsabilités.;rappels/emc/droits_libertes.md
EMC_DEMOCRATIE_CITOYENNETE;EMC;Démocratie et citoyenneté;Institutions, participation civique et exercice de la citoyenneté.;rappels/emc/democratie_citoyennete.md
PC_MATIERE_TRANSFORMATIONS;PC;Organisation et transformations de la matière;États, mélanges, transformations physiques et chimiques, structure de la matière.;rappels/physique_chimie/matiere_transformations.md
PC_MOUVEMENTS_INTERACTIONS;PC;Mouvements et interactions;Mouvement, vitesse, forces et interactions.;rappels/physique_chimie/mouvements_interactions.md
PC_ENERGIE_CONVERSIONS;PC;Énergie et conversions;Formes, transferts et conversions de l’énergie.;rappels/physique_chimie/energie_conversions.md
PC_SIGNAUX;PC;Signaux, lumière et son;Propagation, émission et réception de signaux lumineux et sonores.;rappels/physique_chimie/signaux.md
SVT_TERRE_ENVIRONNEMENT;SVT;Planète Terre, environnement et action humaine;Dynamique de la Terre, climat, ressources, risques et action humaine.;rappels/svt/terre_environnement.md
SVT_VIVANT_EVOLUTION;SVT;Vivant et évolution;Biodiversité, reproduction, génétique et évolution du vivant.;rappels/svt/vivant_evolution.md
SVT_CORPS_SANTE;SVT;Corps humain et santé;Fonctionnement du corps, comportements et santé.;rappels/svt/corps_sante.md
TECH_USAGES_INTERACTIONS;TECH;Usages et interactions des objets techniques;Besoins, usages, impacts et évolution des objets et systèmes techniques.;rappels/technologie/usages_interactions.md
TECH_STRUCTURE_FONCTIONNEMENT;TECH;Structure et fonctionnement des systèmes techniques;Organisation interne, énergie, données et fonctionnement des objets techniques.;rappels/technologie/structure_fonctionnement.md
TECH_CREATION_CONCEPTION;TECH;Création et conception technologique;Concevoir, réaliser, programmer et améliorer un objet ou système technique.;rappels/technologie/creation_conception.md
FRA_LYCEE_FRA_01;FRA;Lecture et interprétation;Repères essentiels au lycée : Lecture et interprétation;rappels/lycee/fra_lycee_fra_01.md
FRA_LYCEE_FRA_02;FRA;Écriture et argumentation;Repères essentiels au lycée : Écriture et argumentation;rappels/lycee/fra_lycee_fra_02.md
FRA_LYCEE_FRA_03;FRA;Langue et expression;Repères essentiels au lycée : Langue et expression;rappels/lycee/fra_lycee_fra_03.md
HG_LYCEE_HG_01;HG;Sociétés et pouvoirs;Repères essentiels au lycée : Sociétés et pouvoirs;rappels/lycee/hg_lycee_hg_01.md
HG_LYCEE_HG_02;HG;Territoires et mondialisation;Repères essentiels au lycée : Territoires et mondialisation;rappels/lycee/hg_lycee_hg_02.md
HG_LYCEE_HG_03;HG;Environnement et mobilités;Repères essentiels au lycée : Environnement et mobilités;rappels/lycee/hg_lycee_hg_03.md
EMC_LYCEE_EMC_01;EMC;Liberté;Repères essentiels au lycée : Liberté;rappels/lycee/emc_lycee_emc_01.md
EMC_LYCEE_EMC_02;EMC;Société;Repères essentiels au lycée : Société;rappels/lycee/emc_lycee_emc_02.md
EMC_LYCEE_EMC_03;EMC;Démocratie et citoyenneté;Repères essentiels au lycée : Démocratie et citoyenneté;rappels/lycee/emc_lycee_emc_03.md
LVE_LYCEE_LVE_01;LVE;Compréhension et réception;Repères essentiels au lycée : Compréhension et réception;rappels/lycee/lve_lycee_lve_01.md
LVE_LYCEE_LVE_02;LVE;Expression et interaction;Repères essentiels au lycée : Expression et interaction;rappels/lycee/lve_lycee_lve_02.md
LVE_LYCEE_LVE_03;LVE;Repères culturels et interculturels;Repères essentiels au lycée : Repères culturels et interculturels;rappels/lycee/lve_lycee_lve_03.md
EPS_LYCEE_EPS_01;EPS;Réaliser une performance;Repères essentiels au lycée : Réaliser une performance;rappels/lycee/eps_lycee_eps_01.md
EPS_LYCEE_EPS_02;EPS;Adapter ses déplacements;Repères essentiels au lycée : Adapter ses déplacements;rappels/lycee/eps_lycee_eps_02.md
EPS_LYCEE_EPS_03;EPS;Conduire et maîtriser un affrontement;Repères essentiels au lycée : Conduire et maîtriser un affrontement;rappels/lycee/eps_lycee_eps_03.md
PC_LYCEE_PC_01;PC;Constitution et transformations de la matière;Repères essentiels au lycée : Constitution et transformations de la matière;rappels/lycee/pc_lycee_pc_01.md
PC_LYCEE_PC_02;PC;Mouvement et interactions;Repères essentiels au lycée : Mouvement et interactions;rappels/lycee/pc_lycee_pc_02.md
PC_LYCEE_PC_03;PC;Ondes et signaux;Repères essentiels au lycée : Ondes et signaux;rappels/lycee/pc_lycee_pc_03.md
SVT_LYCEE_SVT_01;SVT;Terre, vie et évolution;Repères essentiels au lycée : Terre, vie et évolution;rappels/lycee/svt_lycee_svt_01.md
SVT_LYCEE_SVT_02;SVT;Enjeux contemporains de la planète;Repères essentiels au lycée : Enjeux contemporains de la planète;rappels/lycee/svt_lycee_svt_02.md
SVT_LYCEE_SVT_03;SVT;Corps humain et santé;Repères essentiels au lycée : Corps humain et santé;rappels/lycee/svt_lycee_svt_03.md
SES_LYCEE_SES_01;SES;Économie;Repères essentiels au lycée : Économie;rappels/lycee/ses_lycee_ses_01.md
SES_LYCEE_SES_02;SES;Sociologie;Repères essentiels au lycée : Sociologie;rappels/lycee/ses_lycee_ses_02.md
SES_LYCEE_SES_03;SES;Science politique et regards croisés;Repères essentiels au lycée : Science politique et regards croisés;rappels/lycee/ses_lycee_ses_03.md
NUM_LYCEE_SNT_01;NUM;Internet et Web;Repères essentiels au lycée : Internet et Web;rappels/lycee/num_lycee_snt_01.md
NUM_LYCEE_SNT_02;NUM;Données et informatique;Repères essentiels au lycée : Données et informatique;rappels/lycee/num_lycee_snt_02.md
NUM_LYCEE_SNT_03;NUM;Réseaux sociaux et objets connectés;Repères essentiels au lycée : Réseaux sociaux et objets connectés;rappels/lycee/num_lycee_snt_03.md
SCI_LYCEE_ENS_01;SCI;Science, climat et énergie;Repères essentiels au lycée : Science, climat et énergie;rappels/lycee/sci_lycee_ens_01.md
SCI_LYCEE_ENS_02;SCI;Histoire et méthodes des sciences;Repères essentiels au lycée : Histoire et méthodes des sciences;rappels/lycee/sci_lycee_ens_02.md
SCI_LYCEE_ENS_03;SCI;Numérique et connaissance scientifique;Repères essentiels au lycée : Numérique et connaissance scientifique;rappels/lycee/sci_lycee_ens_03.md
PHILO_LYCEE_01;PHILO;Existence et culture;Repères essentiels au lycée : Existence et culture;rappels/lycee/philo_lycee_01.md
PHILO_LYCEE_02;PHILO;Morale et politique;Repères essentiels au lycée : Morale et politique;rappels/lycee/philo_lycee_02.md
PHILO_LYCEE_03;PHILO;Connaissance et raison;Repères essentiels au lycée : Connaissance et raison;rappels/lycee/philo_lycee_03.md
HG_LYCEE_HGGSP_01;HG;Puissances et conflits;Repères essentiels au lycée : Puissances et conflits;rappels/lycee/hg_lycee_hggsp_01.md
HG_LYCEE_HGGSP_02;HG;Information et opinion;Repères essentiels au lycée : Information et opinion;rappels/lycee/hg_lycee_hggsp_02.md
HG_LYCEE_HGGSP_03;HG;Environnement et patrimoine;Repères essentiels au lycée : Environnement et patrimoine;rappels/lycee/hg_lycee_hggsp_03.md
FRA_LYCEE_HLP_01;FRA;Pouvoirs de la parole;Repères essentiels au lycée : Pouvoirs de la parole;rappels/lycee/fra_lycee_hlp_01.md
FRA_LYCEE_HLP_02;FRA;Représentations du monde;Repères essentiels au lycée : Représentations du monde;rappels/lycee/fra_lycee_hlp_02.md
FRA_LYCEE_HLP_03;FRA;Humanité en question;Repères essentiels au lycée : Humanité en question;rappels/lycee/fra_lycee_hlp_03.md
LVE_LYCEE_LLCER_01;LVE;Langue et communication;Repères essentiels au lycée : Langue et communication;rappels/lycee/lve_lycee_llcer_01.md
LVE_LYCEE_LLCER_02;LVE;Littérature et arts;Repères essentiels au lycée : Littérature et arts;rappels/lycee/lve_lycee_llcer_02.md
LVE_LYCEE_LLCER_03;LVE;Cultures et sociétés;Repères essentiels au lycée : Cultures et sociétés;rappels/lycee/lve_lycee_llcer_03.md
NUM_LYCEE_NSI_01;NUM;Données et algorithmique;Repères essentiels au lycée : Données et algorithmique;rappels/lycee/num_lycee_nsi_01.md
NUM_LYCEE_NSI_02;NUM;Architectures et réseaux;Repères essentiels au lycée : Architectures et réseaux;rappels/lycee/num_lycee_nsi_02.md
NUM_LYCEE_NSI_03;NUM;Langages et programmation;Repères essentiels au lycée : Langages et programmation;rappels/lycee/num_lycee_nsi_03.md
PC_PC_SPEC_2019_01;PC;Matière et transformations;Repères essentiels au lycée : Matière et transformations;rappels/lycee/pc_pc_spec_2019_01.md
PC_PC_SPEC_2019_02;PC;Mouvement, énergie et interactions;Repères essentiels au lycée : Mouvement, énergie et interactions;rappels/lycee/pc_pc_spec_2019_02.md
PC_PC_SPEC_2019_03;PC;Ondes, signaux et mesures;Repères essentiels au lycée : Ondes, signaux et mesures;rappels/lycee/pc_pc_spec_2019_03.md
SVT_SVT_SPEC_2019_01;SVT;Génétique et évolution;Repères essentiels au lycée : Génétique et évolution;rappels/lycee/svt_svt_spec_2019_01.md
SVT_SVT_SPEC_2019_02;SVT;Enjeux planétaires contemporains;Repères essentiels au lycée : Enjeux planétaires contemporains;rappels/lycee/svt_svt_spec_2019_02.md
SVT_SVT_SPEC_2019_03;SVT;Corps humain et santé;Repères essentiels au lycée : Corps humain et santé;rappels/lycee/svt_svt_spec_2019_03.md
TECH_LYCEE_SI_01;TECH;Analyser les systèmes;Repères essentiels au lycée : Analyser les systèmes;rappels/lycee/tech_lycee_si_01.md
TECH_LYCEE_SI_02;TECH;Modéliser et simuler;Repères essentiels au lycée : Modéliser et simuler;rappels/lycee/tech_lycee_si_02.md
TECH_LYCEE_SI_03;TECH;Concevoir et expérimenter;Repères essentiels au lycée : Concevoir et expérimenter;rappels/lycee/tech_lycee_si_03.md
SES_SES_SPEC_2019_01;SES;Science économique;Repères essentiels au lycée : Science économique;rappels/lycee/ses_ses_spec_2019_01.md
SES_SES_SPEC_2019_02;SES;Sociologie et science politique;Repères essentiels au lycée : Sociologie et science politique;rappels/lycee/ses_ses_spec_2019_02.md
SES_SES_SPEC_2019_03;SES;Regards croisés;Repères essentiels au lycée : Regards croisés;rappels/lycee/ses_ses_spec_2019_03.md
ARTS_LYCEE_ARTS_01;ARTS;Pratique et création;Repères essentiels au lycée : Pratique et création;rappels/lycee/arts_lycee_arts_01.md
ARTS_LYCEE_ARTS_02;ARTS;Culture artistique;Repères essentiels au lycée : Culture artistique;rappels/lycee/arts_lycee_arts_02.md
ARTS_LYCEE_ARTS_03;ARTS;Projet et présentation;Repères essentiels au lycée : Projet et présentation;rappels/lycee/arts_lycee_arts_03.md
EPS_LYCEE_EPPCS_01;EPS;Pratique physique et performance;Repères essentiels au lycée : Pratique physique et performance;rappels/lycee/eps_lycee_eppcs_01.md
EPS_LYCEE_EPPCS_02;EPS;Culture sportive;Repères essentiels au lycée : Culture sportive;rappels/lycee/eps_lycee_eppcs_02.md
EPS_LYCEE_EPPCS_03;EPS;Projet et analyse de pratique;Repères essentiels au lycée : Projet et analyse de pratique;rappels/lycee/eps_lycee_eppcs_03.md
