horaire_id;niveau_id;enseignement_id;volume;unite;statut;source_id;version_id;serie_id;portee
HOR0001;6E;EPS;4.0;HEURE_SEMAINE;OBLIGATOIRE;SRC_EDUSCOL_COLLEGE_2026;2026_2027;;COMMUN
HOR0002;6E;ARTS_PLAST;1.0;HEURE_SEMAINE;OBLIGATOIRE;SRC_EDUSCOL_COLLEGE_2026;2026_2027;;COMMUN
HOR0003;6E;MUS;1.0;HEURE_SEMAINE;OBLIGATOIRE;SRC_EDUSCOL_COLLEGE_2026;2026_2027;;COMMUN
HOR0004;6E;FRA;4.5;HEURE_SEMAINE;OBLIGATOIRE;SRC_EDUSCOL_COLLEGE_2026;2026_2027;;COMMUN
HOR0005;6E;HG_EMC;3.0;HEURE_SEMAINE;OBLIGATOIRE;SRC_EDUSCOL_COLLEGE_2026;2026_2027;;COMMUN
HOR0006;6E;LVE;4.0;HEURE_SEMAINE;OBLIGATOIRE;SRC_EDUSCOL_COLLEGE_2026;2026_2027;;COMMUN
HOR0007;6E;MAT;4.5;HEURE_SEMAINE;OBLIGATOIRE;SRC_EDUSCOL_COLLEGE_2026;2026_2027;;COMMUN
HOR0008;6E;SCI_6E;3.0;HEURE_SEMAINE;OBLIGATOIRE;SRC_EDUSCOL_COLLEGE_2026;2026_2027;;COMMUN
HOR0009;5E;EPS;3.0;HEURE_SEMAINE;OBLIGATOIRE;SRC_EDUSCOL_COLLEGE_2026;2026_2027;;COMMUN
HOR0010;5E;ARTS_PLAST;1.0;HEURE_SEMAINE;OBLIGATOIRE;SRC_EDUSCOL_COLLEGE_2026;2026_2027;;COMMUN
HOR0011;5E;MUS;1.0;HEURE_SEMAINE;OBLIGATOIRE;SRC_EDUSCOL_COLLEGE_2026;2026_2027;;COMMUN
HOR0012;5E;FRA;4.5;HEURE_SEMAINE;OBLIGATOIRE;SRC_EDUSCOL_COLLEGE_2026;2026_2027;;COMMUN
HOR0013;5E;HG_EMC;3.0;HEURE_SEMAINE;OBLIGATOIRE;SRC_EDUSCOL_COLLEGE_2026;2026_2027;;COMMUN
HOR0014;5E;LVE1;3.0;HEURE_SEMAINE;OBLIGATOIRE;SRC_EDUSCOL_COLLEGE_2026;2026_2027;;COMMUN
HOR0015;5E;LVE2;2.5;HEURE_SEMAINE;OBLIGATOIRE;SRC_EDUSCOL_COLLEGE_2026;2026_2027;;COMMUN
HOR0016;5E;MAT;3.5;HEURE_SEMAINE;OBLIGATOIRE;SRC_EDUSCOL_COLLEGE_2026;2026_2027;;COMMUN
HOR0017;5E;SVT;1.5;HEURE_SEMAINE;OBLIGATOIRE;SRC_EDUSCOL_COLLEGE_2026;2026_2027;;COMMUN
HOR0018;5E;PC;1.5;HEURE_SEMAINE;OBLIGATOIRE;SRC_EDUSCOL_COLLEGE_2026;2026_2027;;COMMUN
HOR0019;5E;TECH;1.5;HEURE_SEMAINE;OBLIGATOIRE;SRC_EDUSCOL_COLLEGE_2026;2026_2027;;COMMUN
HOR0020;4E;EPS;3.0;HEURE_SEMAINE;OBLIGATOIRE;SRC_EDUSCOL_COLLEGE_2026;2026_2027;;COMMUN
HOR0021;4E;ARTS_PLAST;1.0;HEURE_SEMAINE;OBLIGATOIRE;SRC_EDUSCOL_COLLEGE_2026;2026_2027;;COMMUN
HOR0022;4E;MUS;1.0;HEURE_SEMAINE;OBLIGATOIRE;SRC_EDUSCOL_COLLEGE_2026;2026_2027;;COMMUN
HOR0023;4E;FRA;4.5;HEURE_SEMAINE;OBLIGATOIRE;SRC_EDUSCOL_COLLEGE_2026;2026_2027;;COMMUN
HOR0024;4E;HG_EMC;3.0;HEURE_SEMAINE;OBLIGATOIRE;SRC_EDUSCOL_COLLEGE_2026;2026_2027;;COMMUN
HOR0025;4E;LVE1;3.0;HEURE_SEMAINE;OBLIGATOIRE;SRC_EDUSCOL_COLLEGE_2026;2026_2027;;COMMUN
HOR0026;4E;LVE2;2.5;HEURE_SEMAINE;OBLIGATOIRE;SRC_EDUSCOL_COLLEGE_2026;2026_2027;;COMMUN
HOR0027;4E;MAT;3.5;HEURE_SEMAINE;OBLIGATOIRE;SRC_EDUSCOL_COLLEGE_2026;2026_2027;;COMMUN
HOR0028;4E;SVT;1.5;HEURE_SEMAINE;OBLIGATOIRE;SRC_EDUSCOL_COLLEGE_2026;2026_2027;;COMMUN
HOR0029;4E;PC;1.5;HEURE_SEMAINE;OBLIGATOIRE;SRC_EDUSCOL_COLLEGE_2026;2026_2027;;COMMUN
HOR0030;4E;TECH;1.5;HEURE_SEMAINE;OBLIGATOIRE;SRC_EDUSCOL_COLLEGE_2026;2026_2027;;COMMUN
HOR0031;3E;EPS;3.0;HEURE_SEMAINE;OBLIGATOIRE;SRC_EDUSCOL_COLLEGE_2026;2026_2027;;COMMUN
HOR0032;3E;ARTS_PLAST;1.0;HEURE_SEMAINE;OBLIGATOIRE;SRC_EDUSCOL_COLLEGE_2026;2026_2027;;COMMUN
HOR0033;3E;MUS;1.0;HEURE_SEMAINE;OBLIGATOIRE;SRC_EDUSCOL_COLLEGE_2026;2026_2027;;COMMUN
HOR0034;3E;FRA;4.0;HEURE_SEMAINE;OBLIGATOIRE;SRC_EDUSCOL_COLLEGE_2026;2026_2027;;COMMUN
HOR0035;3E;HG_EMC;3.5;HEURE_SEMAINE;OBLIGATOIRE;SRC_EDUSCOL_COLLEGE_2026;2026_2027;;COMMUN
HOR0036;3E;LVE1;3.0;HEURE_SEMAINE;OBLIGATOIRE;SRC_EDUSCOL_COLLEGE_2026;2026_2027;;COMMUN
HOR0037;3E;LVE2;2.5;HEURE_SEMAINE;OBLIGATOIRE;SRC_EDUSCOL_COLLEGE_2026;2026_2027;;COMMUN
HOR0038;3E;MAT;3.5;HEURE_SEMAINE;OBLIGATOIRE;SRC_EDUSCOL_COLLEGE_2026;2026_2027;;COMMUN
HOR0039;3E;SVT;1.5;HEURE_SEMAINE;OBLIGATOIRE;SRC_EDUSCOL_COLLEGE_2026;2026_2027;;COMMUN
HOR0040;3E;PC;1.5;HEURE_SEMAINE;OBLIGATOIRE;SRC_EDUSCOL_COLLEGE_2026;2026_2027;;COMMUN
HOR0041;3E;TECH;1.5;HEURE_SEMAINE;OBLIGATOIRE;SRC_EDUSCOL_COLLEGE_2026;2026_2027;;COMMUN
HOR0042;2GT;FRA;4;HEURE_SEMAINE;OBLIGATOIRE;SRC_EDUSCOL_LGT_2026;2026_2027;;COMMUN
HOR0043;2GT;HG_LYCEE;3;HEURE_SEMAINE;OBLIGATOIRE;SRC_EDUSCOL_LGT_2026;2026_2027;;COMMUN
HOR0044;2GT;LVA_LVB;5.5;HEURE_SEMAINE;OBLIGATOIRE;SRC_EDUSCOL_LGT_2026;2026_2027;;COMMUN
HOR0045;2GT;SES;1.5;HEURE_SEMAINE;OBLIGATOIRE;SRC_EDUSCOL_LGT_2026;2026_2027;;COMMUN
HOR0046;2GT;MATH_2GT;4;HEURE_SEMAINE;OBLIGATOIRE;SRC_EDUSCOL_LGT_2026;2026_2027;;COMMUN
HOR0047;2GT;PC_LYCEE;3;HEURE_SEMAINE;OBLIGATOIRE;SRC_EDUSCOL_LGT_2026;2026_2027;;COMMUN
HOR0048;2GT;SVT_LYCEE;1.5;HEURE_SEMAINE;OBLIGATOIRE;SRC_EDUSCOL_LGT_2026;2026_2027;;COMMUN
HOR0049;2GT;EPS;2;HEURE_SEMAINE;OBLIGATOIRE;SRC_EDUSCOL_LGT_2026;2026_2027;;COMMUN
HOR0050;2GT;EMC_LYCEE;18;HEURE_ANNEE;OBLIGATOIRE;SRC_EDUSCOL_LGT_2026;2026_2027;;COMMUN
HOR0051;2GT;SNT;1.5;HEURE_SEMAINE;OBLIGATOIRE;SRC_EDUSCOL_LGT_2026;2026_2027;;COMMUN
HOR0052;1G;FRA;4;HEURE_SEMAINE;OBLIGATOIRE;SRC_EDUSCOL_LGT_2026;2026_2027;;COMMUN
HOR0053;1G;HG_LYCEE;3;HEURE_SEMAINE;OBLIGATOIRE;SRC_EDUSCOL_LGT_2026;2026_2027;;COMMUN
HOR0054;1G;LVA_LVB;4.5;HEURE_SEMAINE;OBLIGATOIRE;SRC_EDUSCOL_LGT_2026;2026_2027;;COMMUN
HOR0055;1G;EPS;2;HEURE_SEMAINE;OBLIGATOIRE;SRC_EDUSCOL_LGT_2026;2026_2027;;COMMUN
HOR0056;1G;ENS_SCI;2;HEURE_SEMAINE;OBLIGATOIRE;SRC_EDUSCOL_LGT_2026;2026_2027;;COMMUN
HOR0057;1G;EMC_LYCEE;18;HEURE_ANNEE;OBLIGATOIRE;SRC_EDUSCOL_LGT_2026;2026_2027;;COMMUN
HOR0058;TG;PHILO;4;HEURE_SEMAINE;OBLIGATOIRE;SRC_EDUSCOL_LGT_2026;2027_2028;;COMMUN
HOR0059;TG;HG_LYCEE;3;HEURE_SEMAINE;OBLIGATOIRE;SRC_EDUSCOL_LGT_2026;2027_2028;;COMMUN
HOR0060;TG;LVA_LVB;4;HEURE_SEMAINE;OBLIGATOIRE;SRC_EDUSCOL_LGT_2026;2027_2028;;COMMUN
HOR0061;TG;ENS_SCI;2;HEURE_SEMAINE;OBLIGATOIRE;SRC_EDUSCOL_LGT_2026;2027_2028;;COMMUN
HOR0062;TG;EPS;2;HEURE_SEMAINE;OBLIGATOIRE;SRC_EDUSCOL_LGT_2026;2027_2028;;COMMUN
HOR0063;TG;EMC_LYCEE;18;HEURE_ANNEE;OBLIGATOIRE;SRC_EDUSCOL_LGT_2026;2027_2028;;COMMUN
HOR0064;1G;ARTS_SPEC;4;HEURE_SEMAINE;SPECIALITE;SRC_EDUSCOL_LGT_2026;2026_2027;G;COMPLEMENT_SERIE
HOR0065;TG;ARTS_SPEC;6;HEURE_SEMAINE;SPECIALITE;SRC_EDUSCOL_LGT_2026;2027_2028;G;COMPLEMENT_SERIE
HOR0066;1G;EPPCS;4;HEURE_SEMAINE;SPECIALITE;SRC_EDUSCOL_LGT_2026;2026_2027;G;COMPLEMENT_SERIE
HOR0067;TG;EPPCS;6;HEURE_SEMAINE;SPECIALITE;SRC_EDUSCOL_LGT_2026;2027_2028;G;COMPLEMENT_SERIE
HOR0068;1G;HGGSP;4;HEURE_SEMAINE;SPECIALITE;SRC_EDUSCOL_LGT_2026;2026_2027;G;COMPLEMENT_SERIE
HOR0069;TG;HGGSP;6;HEURE_SEMAINE;SPECIALITE;SRC_EDUSCOL_LGT_2026;2027_2028;G;COMPLEMENT_SERIE
HOR0070;1G;HLP;4;HEURE_SEMAINE;SPECIALITE;SRC_EDUSCOL_LGT_2026;2026_2027;G;COMPLEMENT_SERIE
HOR0071;TG;HLP;6;HEURE_SEMAINE;SPECIALITE;SRC_EDUSCOL_LGT_2026;2027_2028;G;COMPLEMENT_SERIE
HOR0072;1G;LLCER;4;HEURE_SEMAINE;SPECIALITE;SRC_EDUSCOL_LGT_2026;2026_2027;G;COMPLEMENT_SERIE
HOR0073;TG;LLCER;6;HEURE_SEMAINE;SPECIALITE;SRC_EDUSCOL_LGT_2026;2027_2028;G;COMPLEMENT_SERIE
HOR0074;1G;LLCA;4;HEURE_SEMAINE;SPECIALITE;SRC_EDUSCOL_LGT_2026;2026_2027;G;COMPLEMENT_SERIE
HOR0075;TG;LLCA;6;HEURE_SEMAINE;SPECIALITE;SRC_EDUSCOL_LGT_2026;2027_2028;G;COMPLEMENT_SERIE
HOR0076;1G;MATH_SPEC;4;HEURE_SEMAINE;SPECIALITE;SRC_EDUSCOL_LGT_2026;2026_2027;G;COMPLEMENT_SERIE
HOR0077;TG;MATH_SPEC;6;HEURE_SEMAINE;SPECIALITE;SRC_EDUSCOL_LGT_2026;2027_2028;G;COMPLEMENT_SERIE
HOR0078;1G;NSI;4;HEURE_SEMAINE;SPECIALITE;SRC_EDUSCOL_LGT_2026;2026_2027;G;COMPLEMENT_SERIE
HOR0079;TG;NSI;6;HEURE_SEMAINE;SPECIALITE;SRC_EDUSCOL_LGT_2026;2027_2028;G;COMPLEMENT_SERIE
HOR0080;1G;PC_SPEC;4;HEURE_SEMAINE;SPECIALITE;SRC_EDUSCOL_LGT_2026;2026_2027;G;COMPLEMENT_SERIE
HOR0081;TG;PC_SPEC;6;HEURE_SEMAINE;SPECIALITE;SRC_EDUSCOL_LGT_2026;2027_2028;G;COMPLEMENT_SERIE
HOR0082;1G;SVT_SPEC;4;HEURE_SEMAINE;SPECIALITE;SRC_EDUSCOL_LGT_2026;2026_2027;G;COMPLEMENT_SERIE
HOR0083;TG;SVT_SPEC;6;HEURE_SEMAINE;SPECIALITE;SRC_EDUSCOL_LGT_2026;2027_2028;G;COMPLEMENT_SERIE
HOR0084;1G;SI;4;HEURE_SEMAINE;SPECIALITE;SRC_EDUSCOL_LGT_2026;2026_2027;G;COMPLEMENT_SERIE
HOR0085;TG;SI;6;HEURE_SEMAINE;SPECIALITE;SRC_EDUSCOL_LGT_2026;2027_2028;G;COMPLEMENT_SERIE
HOR0086;1G;SES_SPEC;4;HEURE_SEMAINE;SPECIALITE;SRC_EDUSCOL_LGT_2026;2026_2027;G;COMPLEMENT_SERIE
HOR0087;TG;SES_SPEC;6;HEURE_SEMAINE;SPECIALITE;SRC_EDUSCOL_LGT_2026;2027_2028;G;COMPLEMENT_SERIE
HOR0088;1G;BIO_ECO;4;HEURE_SEMAINE;SPECIALITE;SRC_EDUSCOL_LGT_2026;2026_2027;G;COMPLEMENT_SERIE
HOR0089;TG;BIO_ECO;6;HEURE_SEMAINE;SPECIALITE;SRC_EDUSCOL_LGT_2026;2027_2028;G;COMPLEMENT_SERIE
HOR0090;1G;LVC;3;HEURE_SEMAINE;OPTIONNEL;SRC_EDUSCOL_LGT_2026;2026_2027;G;GRILLE_SERIE
HOR0091;1G;LCA_LATIN;3;HEURE_SEMAINE;OPTIONNEL;SRC_EDUSCOL_LGT_2026;2026_2027;G;GRILLE_SERIE
HOR0092;1G;LCA_GREC;3;HEURE_SEMAINE;OPTIONNEL;SRC_EDUSCOL_LGT_2026;2026_2027;G;GRILLE_SERIE
HOR0093;1G;EPS_OPT;3;HEURE_SEMAINE;OPTIONNEL;SRC_EDUSCOL_LGT_2026;2026_2027;G;GRILLE_SERIE
HOR0094;1G;ARTS_OPT;3;HEURE_SEMAINE;OPTIONNEL;SRC_EDUSCOL_LGT_2026;2026_2027;G;GRILLE_SERIE
HOR0095;1G;LSF;3;HEURE_SEMAINE;OPTIONNEL;SRC_EDUSCOL_LGT_2026;2026_2027;G;GRILLE_SERIE
HOR0096;TG;LVC;3;HEURE_SEMAINE;OPTIONNEL;SRC_EDUSCOL_LGT_2026;2027_2028;G;GRILLE_SERIE
HOR0097;TG;LCA_LATIN;3;HEURE_SEMAINE;OPTIONNEL;SRC_EDUSCOL_LGT_2026;2027_2028;G;GRILLE_SERIE
HOR0098;TG;LCA_GREC;3;HEURE_SEMAINE;OPTIONNEL;SRC_EDUSCOL_LGT_2026;2027_2028;G;GRILLE_SERIE
HOR0099;TG;EPS_OPT;3;HEURE_SEMAINE;OPTIONNEL;SRC_EDUSCOL_LGT_2026;2027_2028;G;GRILLE_SERIE
HOR0100;TG;ARTS_OPT;3;HEURE_SEMAINE;OPTIONNEL;SRC_EDUSCOL_LGT_2026;2027_2028;G;GRILLE_SERIE
HOR0101;TG;LSF;3;HEURE_SEMAINE;OPTIONNEL;SRC_EDUSCOL_LGT_2026;2027_2028;G;GRILLE_SERIE
HOR0102;TG;MATH_COMPLEMENTAIRES;3;HEURE_SEMAINE;OPTIONNEL;SRC_EDUSCOL_LGT_2026;2027_2028;G;GRILLE_SERIE
HOR0103;TG;MATH_EXPERTES;3;HEURE_SEMAINE;OPTIONNEL;SRC_EDUSCOL_LGT_2026;2027_2028;G;GRILLE_SERIE
HOR0104;TG;DROIT_GEMC;3;HEURE_SEMAINE;OPTIONNEL;SRC_EDUSCOL_LGT_2026;2027_2028;G;GRILLE_SERIE
HOR0105;1T;FRA;3;HEURE_SEMAINE;OBLIGATOIRE;SRC_EDUSCOL_LGT_2026;2026_2027;ST2S;GRILLE_SERIE
HOR0106;1T;HG_LYCEE;1.5;HEURE_SEMAINE;OBLIGATOIRE;SRC_EDUSCOL_LGT_2026;2026_2027;ST2S;GRILLE_SERIE
HOR0107;1T;LVA_LVB_TECH;4;HEURE_SEMAINE;OBLIGATOIRE;SRC_EDUSCOL_LGT_2026;2026_2027;ST2S;GRILLE_SERIE
HOR0108;1T;EPS;2;HEURE_SEMAINE;OBLIGATOIRE;SRC_EDUSCOL_LGT_2026;2026_2027;ST2S;GRILLE_SERIE
HOR0109;1T;MATH_SPEC_TECH;3;HEURE_SEMAINE;OBLIGATOIRE;SRC_EDUSCOL_LGT_2026;2026_2027;ST2S;GRILLE_SERIE
HOR0110;1T;EMC_LYCEE;18;HEURE_ANNEE;OBLIGATOIRE;SRC_EDUSCOL_LGT_2026;2026_2027;ST2S;GRILLE_SERIE
HOR0111;TT;PHILO;2;HEURE_SEMAINE;OBLIGATOIRE;SRC_EDUSCOL_LGT_2026;2027_2028;ST2S;GRILLE_SERIE
HOR0112;TT;HG_LYCEE;1.5;HEURE_SEMAINE;OBLIGATOIRE;SRC_EDUSCOL_LGT_2026;2027_2028;ST2S;GRILLE_SERIE
HOR0113;TT;LVA_LVB_TECH;4;HEURE_SEMAINE;OBLIGATOIRE;SRC_EDUSCOL_LGT_2026;2027_2028;ST2S;GRILLE_SERIE
HOR0114;TT;EPS;2;HEURE_SEMAINE;OBLIGATOIRE;SRC_EDUSCOL_LGT_2026;2027_2028;ST2S;GRILLE_SERIE
HOR0115;TT;MATH_SPEC_TECH;3;HEURE_SEMAINE;OBLIGATOIRE;SRC_EDUSCOL_LGT_2026;2027_2028;ST2S;GRILLE_SERIE
HOR0116;TT;EMC_LYCEE;18;HEURE_ANNEE;OBLIGATOIRE;SRC_EDUSCOL_LGT_2026;2027_2028;ST2S;GRILLE_SERIE
HOR0117;1T;FRA;3;HEURE_SEMAINE;OBLIGATOIRE;SRC_EDUSCOL_LGT_2026;2026_2027;STL;GRILLE_SERIE
HOR0118;1T;HG_LYCEE;1.5;HEURE_SEMAINE;OBLIGATOIRE;SRC_EDUSCOL_LGT_2026;2026_2027;STL;GRILLE_SERIE
HOR0119;1T;LVA_LVB_TECH;4;HEURE_SEMAINE;OBLIGATOIRE;SRC_EDUSCOL_LGT_2026;2026_2027;STL;GRILLE_SERIE
HOR0120;1T;EPS;2;HEURE_SEMAINE;OBLIGATOIRE;SRC_EDUSCOL_LGT_2026;2026_2027;STL;GRILLE_SERIE
HOR0121;1T;MATH_SPEC_TECH;3;HEURE_SEMAINE;OBLIGATOIRE;SRC_EDUSCOL_LGT_2026;2026_2027;STL;GRILLE_SERIE
HOR0122;1T;EMC_LYCEE;18;HEURE_ANNEE;OBLIGATOIRE;SRC_EDUSCOL_LGT_2026;2026_2027;STL;GRILLE_SERIE
HOR0123;TT;PHILO;2;HEURE_SEMAINE;OBLIGATOIRE;SRC_EDUSCOL_LGT_2026;2027_2028;STL;GRILLE_SERIE
HOR0124;TT;HG_LYCEE;1.5;HEURE_SEMAINE;OBLIGATOIRE;SRC_EDUSCOL_LGT_2026;2027_2028;STL;GRILLE_SERIE
HOR0125;TT;LVA_LVB_TECH;4;HEURE_SEMAINE;OBLIGATOIRE;SRC_EDUSCOL_LGT_2026;2027_2028;STL;GRILLE_SERIE
HOR0126;TT;EPS;2;HEURE_SEMAINE;OBLIGATOIRE;SRC_EDUSCOL_LGT_2026;2027_2028;STL;GRILLE_SERIE
HOR0127;TT;MATH_SPEC_TECH;3;HEURE_SEMAINE;OBLIGATOIRE;SRC_EDUSCOL_LGT_2026;2027_2028;STL;GRILLE_SERIE
HOR0128;TT;EMC_LYCEE;18;HEURE_ANNEE;OBLIGATOIRE;SRC_EDUSCOL_LGT_2026;2027_2028;STL;GRILLE_SERIE
HOR0129;1T;FRA;3;HEURE_SEMAINE;OBLIGATOIRE;SRC_EDUSCOL_LGT_2026;2026_2027;STD2A;GRILLE_SERIE
HOR0130;1T;HG_LYCEE;1.5;HEURE_SEMAINE;OBLIGATOIRE;SRC_EDUSCOL_LGT_2026;2026_2027;STD2A;GRILLE_SERIE
HOR0131;1T;LVA_LVB_TECH;4;HEURE_SEMAINE;OBLIGATOIRE;SRC_EDUSCOL_LGT_2026;2026_2027;STD2A;GRILLE_SERIE
HOR0132;1T;EPS;2;HEURE_SEMAINE;OBLIGATOIRE;SRC_EDUSCOL_LGT_2026;2026_2027;STD2A;GRILLE_SERIE
HOR0133;1T;MATH_SPEC_TECH;3;HEURE_SEMAINE;OBLIGATOIRE;SRC_EDUSCOL_LGT_2026;2026_2027;STD2A;GRILLE_SERIE
HOR0134;1T;EMC_LYCEE;18;HEURE_ANNEE;OBLIGATOIRE;SRC_EDUSCOL_LGT_2026;2026_2027;STD2A;GRILLE_SERIE
HOR0135;TT;PHILO;2;HEURE_SEMAINE;OBLIGATOIRE;SRC_EDUSCOL_LGT_2026;2027_2028;STD2A;GRILLE_SERIE
HOR0136;TT;HG_LYCEE;1.5;HEURE_SEMAINE;OBLIGATOIRE;SRC_EDUSCOL_LGT_2026;2027_2028;STD2A;GRILLE_SERIE
HOR0137;TT;LVA_LVB_TECH;4;HEURE_SEMAINE;OBLIGATOIRE;SRC_EDUSCOL_LGT_2026;2027_2028;STD2A;GRILLE_SERIE
HOR0138;TT;EPS;2;HEURE_SEMAINE;OBLIGATOIRE;SRC_EDUSCOL_LGT_2026;2027_2028;STD2A;GRILLE_SERIE
HOR0139;TT;MATH_SPEC_TECH;3;HEURE_SEMAINE;OBLIGATOIRE;SRC_EDUSCOL_LGT_2026;2027_2028;STD2A;GRILLE_SERIE
HOR0140;TT;EMC_LYCEE;18;HEURE_ANNEE;OBLIGATOIRE;SRC_EDUSCOL_LGT_2026;2027_2028;STD2A;GRILLE_SERIE
HOR0141;1T;FRA;3;HEURE_SEMAINE;OBLIGATOIRE;SRC_EDUSCOL_LGT_2026;2026_2027;STI2D;GRILLE_SERIE
HOR0142;1T;HG_LYCEE;1.5;HEURE_SEMAINE;OBLIGATOIRE;SRC_EDUSCOL_LGT_2026;2026_2027;STI2D;GRILLE_SERIE
HOR0143;1T;LVA_LVB_TECH;4;HEURE_SEMAINE;OBLIGATOIRE;SRC_EDUSCOL_LGT_2026;2026_2027;STI2D;GRILLE_SERIE
HOR0144;1T;EPS;2;HEURE_SEMAINE;OBLIGATOIRE;SRC_EDUSCOL_LGT_2026;2026_2027;STI2D;GRILLE_SERIE
HOR0145;1T;MATH_SPEC_TECH;3;HEURE_SEMAINE;OBLIGATOIRE;SRC_EDUSCOL_LGT_2026;2026_2027;STI2D;GRILLE_SERIE
HOR0146;1T;EMC_LYCEE;18;HEURE_ANNEE;OBLIGATOIRE;SRC_EDUSCOL_LGT_2026;2026_2027;STI2D;GRILLE_SERIE
HOR0147;TT;PHILO;2;HEURE_SEMAINE;OBLIGATOIRE;SRC_EDUSCOL_LGT_2026;2027_2028;STI2D;GRILLE_SERIE
HOR0148;TT;HG_LYCEE;1.5;HEURE_SEMAINE;OBLIGATOIRE;SRC_EDUSCOL_LGT_2026;2027_2028;STI2D;GRILLE_SERIE
HOR0149;TT;LVA_LVB_TECH;4;HEURE_SEMAINE;OBLIGATOIRE;SRC_EDUSCOL_LGT_2026;2027_2028;STI2D;GRILLE_SERIE
HOR0150;TT;EPS;2;HEURE_SEMAINE;OBLIGATOIRE;SRC_EDUSCOL_LGT_2026;2027_2028;STI2D;GRILLE_SERIE
HOR0151;TT;MATH_SPEC_TECH;3;HEURE_SEMAINE;OBLIGATOIRE;SRC_EDUSCOL_LGT_2026;2027_2028;STI2D;GRILLE_SERIE
HOR0152;TT;EMC_LYCEE;18;HEURE_ANNEE;OBLIGATOIRE;SRC_EDUSCOL_LGT_2026;2027_2028;STI2D;GRILLE_SERIE
HOR0153;1T;FRA;3;HEURE_SEMAINE;OBLIGATOIRE;SRC_EDUSCOL_LGT_2026;2026_2027;STMG;GRILLE_SERIE
HOR0154;1T;HG_LYCEE;1.5;HEURE_SEMAINE;OBLIGATOIRE;SRC_EDUSCOL_LGT_2026;2026_2027;STMG;GRILLE_SERIE
HOR0155;1T;LVA_LVB_TECH;4;HEURE_SEMAINE;OBLIGATOIRE;SRC_EDUSCOL_LGT_2026;2026_2027;STMG;GRILLE_SERIE
HOR0156;1T;EPS;2;HEURE_SEMAINE;OBLIGATOIRE;SRC_EDUSCOL_LGT_2026;2026_2027;STMG;GRILLE_SERIE
HOR0157;1T;MATH_SPEC_TECH;3;HEURE_SEMAINE;OBLIGATOIRE;SRC_EDUSCOL_LGT_2026;2026_2027;STMG;GRILLE_SERIE
HOR0158;1T;EMC_LYCEE;18;HEURE_ANNEE;OBLIGATOIRE;SRC_EDUSCOL_LGT_2026;2026_2027;STMG;GRILLE_SERIE
HOR0159;TT;PHILO;2;HEURE_SEMAINE;OBLIGATOIRE;SRC_EDUSCOL_LGT_2026;2027_2028;STMG;GRILLE_SERIE
HOR0160;TT;HG_LYCEE;1.5;HEURE_SEMAINE;OBLIGATOIRE;SRC_EDUSCOL_LGT_2026;2027_2028;STMG;GRILLE_SERIE
HOR0161;TT;LVA_LVB_TECH;4;HEURE_SEMAINE;OBLIGATOIRE;SRC_EDUSCOL_LGT_2026;2027_2028;STMG;GRILLE_SERIE
HOR0162;TT;EPS;2;HEURE_SEMAINE;OBLIGATOIRE;SRC_EDUSCOL_LGT_2026;2027_2028;STMG;GRILLE_SERIE
HOR0163;TT;MATH_SPEC_TECH;3;HEURE_SEMAINE;OBLIGATOIRE;SRC_EDUSCOL_LGT_2026;2027_2028;STMG;GRILLE_SERIE
HOR0164;TT;EMC_LYCEE;18;HEURE_ANNEE;OBLIGATOIRE;SRC_EDUSCOL_LGT_2026;2027_2028;STMG;GRILLE_SERIE
HOR0165;1T;FRA;3;HEURE_SEMAINE;OBLIGATOIRE;SRC_EDUSCOL_LGT_2026;2026_2027;S2TMD;GRILLE_SERIE
HOR0166;1T;HG_LYCEE;1.5;HEURE_SEMAINE;OBLIGATOIRE;SRC_EDUSCOL_LGT_2026;2026_2027;S2TMD;GRILLE_SERIE
HOR0167;1T;LVA_LVB_TECH;4;HEURE_SEMAINE;OBLIGATOIRE;SRC_EDUSCOL_LGT_2026;2026_2027;S2TMD;GRILLE_SERIE
HOR0168;1T;EPS;2;HEURE_SEMAINE;OBLIGATOIRE;SRC_EDUSCOL_LGT_2026;2026_2027;S2TMD;GRILLE_SERIE
HOR0169;1T;MATH_SPEC_TECH;3;HEURE_SEMAINE;OBLIGATOIRE;SRC_EDUSCOL_LGT_2026;2026_2027;S2TMD;GRILLE_SERIE
HOR0170;1T;EMC_LYCEE;18;HEURE_ANNEE;OBLIGATOIRE;SRC_EDUSCOL_LGT_2026;2026_2027;S2TMD;GRILLE_SERIE
HOR0171;TT;PHILO;2;HEURE_SEMAINE;OBLIGATOIRE;SRC_EDUSCOL_LGT_2026;2027_2028;S2TMD;GRILLE_SERIE
HOR0172;TT;HG_LYCEE;1.5;HEURE_SEMAINE;OBLIGATOIRE;SRC_EDUSCOL_LGT_2026;2027_2028;S2TMD;GRILLE_SERIE
HOR0173;TT;LVA_LVB_TECH;4;HEURE_SEMAINE;OBLIGATOIRE;SRC_EDUSCOL_LGT_2026;2027_2028;S2TMD;GRILLE_SERIE
HOR0174;TT;EPS;2;HEURE_SEMAINE;OBLIGATOIRE;SRC_EDUSCOL_LGT_2026;2027_2028;S2TMD;GRILLE_SERIE
HOR0175;TT;MATH_SPEC_TECH;3;HEURE_SEMAINE;OBLIGATOIRE;SRC_EDUSCOL_LGT_2026;2027_2028;S2TMD;GRILLE_SERIE
HOR0176;TT;EMC_LYCEE;18;HEURE_ANNEE;OBLIGATOIRE;SRC_EDUSCOL_LGT_2026;2027_2028;S2TMD;GRILLE_SERIE
HOR0177;2GT;MATH_2GT;3;HEURE_SEMAINE;OBLIGATOIRE;SRC_EDUSCOL_LGT_2026;2026_2027;STHR;GRILLE_SERIE
HOR0178;2GT;FRA;4;HEURE_SEMAINE;OBLIGATOIRE;SRC_EDUSCOL_LGT_2026;2026_2027;STHR;GRILLE_SERIE
HOR0179;2GT;HG_LYCEE;3;HEURE_SEMAINE;OBLIGATOIRE;SRC_EDUSCOL_LGT_2026;2026_2027;STHR;GRILLE_SERIE
HOR0180;2GT;LVA_LVB;5;HEURE_SEMAINE;OBLIGATOIRE;SRC_EDUSCOL_LGT_2026;2026_2027;STHR;GRILLE_SERIE
HOR0181;2GT;EPS;2;HEURE_SEMAINE;OBLIGATOIRE;SRC_EDUSCOL_LGT_2026;2026_2027;STHR;GRILLE_SERIE
HOR0182;2GT;SCI_6E;3;HEURE_SEMAINE;OBLIGATOIRE;SRC_EDUSCOL_LGT_2026;2026_2027;STHR;GRILLE_SERIE
HOR0183;2GT;EMC_LYCEE;18;HEURE_ANNEE;OBLIGATOIRE;SRC_EDUSCOL_LGT_2026;2026_2027;STHR;GRILLE_SERIE
HOR0058_CURR;TG;PHILO;4;HEURE_SEMAINE;OBLIGATOIRE;SRC_EDUSCOL_LGT_2026;2026_2027;;COMMUN
HOR0059_CURR;TG;HG_LYCEE;3;HEURE_SEMAINE;OBLIGATOIRE;SRC_EDUSCOL_LGT_2026;2026_2027;;COMMUN
HOR0060_CURR;TG;LVA_LVB;4;HEURE_SEMAINE;OBLIGATOIRE;SRC_EDUSCOL_LGT_2026;2026_2027;;COMMUN
HOR0061_CURR;TG;ENS_SCI;2;HEURE_SEMAINE;OBLIGATOIRE;SRC_EDUSCOL_LGT_2026;2026_2027;;COMMUN
HOR0062_CURR;TG;EPS;2;HEURE_SEMAINE;OBLIGATOIRE;SRC_EDUSCOL_LGT_2026;2026_2027;;COMMUN
HOR0063_CURR;TG;EMC_LYCEE;18;HEURE_ANNEE;OBLIGATOIRE;SRC_EDUSCOL_LGT_2026;2026_2027;;COMMUN
HOR0065_CURR;TG;ARTS_SPEC;6;HEURE_SEMAINE;SPECIALITE;SRC_EDUSCOL_LGT_2026;2026_2027;G;COMPLEMENT_SERIE
HOR0067_CURR;TG;EPPCS;6;HEURE_SEMAINE;SPECIALITE;SRC_EDUSCOL_LGT_2026;2026_2027;G;COMPLEMENT_SERIE
HOR0069_CURR;TG;HGGSP;6;HEURE_SEMAINE;SPECIALITE;SRC_EDUSCOL_LGT_2026;2026_2027;G;COMPLEMENT_SERIE
HOR0071_CURR;TG;HLP;6;HEURE_SEMAINE;SPECIALITE;SRC_EDUSCOL_LGT_2026;2026_2027;G;COMPLEMENT_SERIE
HOR0073_CURR;TG;LLCER;6;HEURE_SEMAINE;SPECIALITE;SRC_EDUSCOL_LGT_2026;2026_2027;G;COMPLEMENT_SERIE
HOR0075_CURR;TG;LLCA;6;HEURE_SEMAINE;SPECIALITE;SRC_EDUSCOL_LGT_2026;2026_2027;G;COMPLEMENT_SERIE
HOR0077_CURR;TG;MATH_SPEC;6;HEURE_SEMAINE;SPECIALITE;SRC_EDUSCOL_LGT_2026;2026_2027;G;COMPLEMENT_SERIE
HOR0079_CURR;TG;NSI;6;HEURE_SEMAINE;SPECIALITE;SRC_EDUSCOL_LGT_2026;2026_2027;G;COMPLEMENT_SERIE
HOR0081_CURR;TG;PC_SPEC;6;HEURE_SEMAINE;SPECIALITE;SRC_EDUSCOL_LGT_2026;2026_2027;G;COMPLEMENT_SERIE
HOR0083_CURR;TG;SVT_SPEC;6;HEURE_SEMAINE;SPECIALITE;SRC_EDUSCOL_LGT_2026;2026_2027;G;COMPLEMENT_SERIE
HOR0085_CURR;TG;SI;6;HEURE_SEMAINE;SPECIALITE;SRC_EDUSCOL_LGT_2026;2026_2027;G;COMPLEMENT_SERIE
HOR0087_CURR;TG;SES_SPEC;6;HEURE_SEMAINE;SPECIALITE;SRC_EDUSCOL_LGT_2026;2026_2027;G;COMPLEMENT_SERIE
HOR0089_CURR;TG;BIO_ECO;6;HEURE_SEMAINE;SPECIALITE;SRC_EDUSCOL_LGT_2026;2026_2027;G;COMPLEMENT_SERIE
HOR0096_CURR;TG;LVC;3;HEURE_SEMAINE;OPTIONNEL;SRC_EDUSCOL_LGT_2026;2026_2027;G;GRILLE_SERIE
HOR0097_CURR;TG;LCA_LATIN;3;HEURE_SEMAINE;OPTIONNEL;SRC_EDUSCOL_LGT_2026;2026_2027;G;GRILLE_SERIE
HOR0098_CURR;TG;LCA_GREC;3;HEURE_SEMAINE;OPTIONNEL;SRC_EDUSCOL_LGT_2026;2026_2027;G;GRILLE_SERIE
HOR0099_CURR;TG;EPS_OPT;3;HEURE_SEMAINE;OPTIONNEL;SRC_EDUSCOL_LGT_2026;2026_2027;G;GRILLE_SERIE
HOR0100_CURR;TG;ARTS_OPT;3;HEURE_SEMAINE;OPTIONNEL;SRC_EDUSCOL_LGT_2026;2026_2027;G;GRILLE_SERIE
HOR0101_CURR;TG;LSF;3;HEURE_SEMAINE;OPTIONNEL;SRC_EDUSCOL_LGT_2026;2026_2027;G;GRILLE_SERIE
HOR0102_CURR;TG;MATH_COMPLEMENTAIRES;3;HEURE_SEMAINE;OPTIONNEL;SRC_EDUSCOL_LGT_2026;2026_2027;G;GRILLE_SERIE
HOR0103_CURR;TG;MATH_EXPERTES;3;HEURE_SEMAINE;OPTIONNEL;SRC_EDUSCOL_LGT_2026;2026_2027;G;GRILLE_SERIE
HOR0104_CURR;TG;DROIT_GEMC;3;HEURE_SEMAINE;OPTIONNEL;SRC_EDUSCOL_LGT_2026;2026_2027;G;GRILLE_SERIE
HOR0111_CURR;TT;PHILO;2;HEURE_SEMAINE;OBLIGATOIRE;SRC_EDUSCOL_LGT_2026;2026_2027;ST2S;GRILLE_SERIE
HOR0112_CURR;TT;HG_LYCEE;1.5;HEURE_SEMAINE;OBLIGATOIRE;SRC_EDUSCOL_LGT_2026;2026_2027;ST2S;GRILLE_SERIE
HOR0113_CURR;TT;LVA_LVB_TECH;4;HEURE_SEMAINE;OBLIGATOIRE;SRC_EDUSCOL_LGT_2026;2026_2027;ST2S;GRILLE_SERIE
HOR0114_CURR;TT;EPS;2;HEURE_SEMAINE;OBLIGATOIRE;SRC_EDUSCOL_LGT_2026;2026_2027;ST2S;GRILLE_SERIE
HOR0115_CURR;TT;MATH_SPEC_TECH;3;HEURE_SEMAINE;OBLIGATOIRE;SRC_EDUSCOL_LGT_2026;2026_2027;ST2S;GRILLE_SERIE
HOR0116_CURR;TT;EMC_LYCEE;18;HEURE_ANNEE;OBLIGATOIRE;SRC_EDUSCOL_LGT_2026;2026_2027;ST2S;GRILLE_SERIE
HOR0123_CURR;TT;PHILO;2;HEURE_SEMAINE;OBLIGATOIRE;SRC_EDUSCOL_LGT_2026;2026_2027;STL;GRILLE_SERIE
HOR0124_CURR;TT;HG_LYCEE;1.5;HEURE_SEMAINE;OBLIGATOIRE;SRC_EDUSCOL_LGT_2026;2026_2027;STL;GRILLE_SERIE
HOR0125_CURR;TT;LVA_LVB_TECH;4;HEURE_SEMAINE;OBLIGATOIRE;SRC_EDUSCOL_LGT_2026;2026_2027;STL;GRILLE_SERIE
HOR0126_CURR;TT;EPS;2;HEURE_SEMAINE;OBLIGATOIRE;SRC_EDUSCOL_LGT_2026;2026_2027;STL;GRILLE_SERIE
HOR0127_CURR;TT;MATH_SPEC_TECH;3;HEURE_SEMAINE;OBLIGATOIRE;SRC_EDUSCOL_LGT_2026;2026_2027;STL;GRILLE_SERIE
HOR0128_CURR;TT;EMC_LYCEE;18;HEURE_ANNEE;OBLIGATOIRE;SRC_EDUSCOL_LGT_2026;2026_2027;STL;GRILLE_SERIE
HOR0135_CURR;TT;PHILO;2;HEURE_SEMAINE;OBLIGATOIRE;SRC_EDUSCOL_LGT_2026;2026_2027;STD2A;GRILLE_SERIE
HOR0136_CURR;TT;HG_LYCEE;1.5;HEURE_SEMAINE;OBLIGATOIRE;SRC_EDUSCOL_LGT_2026;2026_2027;STD2A;GRILLE_SERIE
HOR0137_CURR;TT;LVA_LVB_TECH;4;HEURE_SEMAINE;OBLIGATOIRE;SRC_EDUSCOL_LGT_2026;2026_2027;STD2A;GRILLE_SERIE
HOR0138_CURR;TT;EPS;2;HEURE_SEMAINE;OBLIGATOIRE;SRC_EDUSCOL_LGT_2026;2026_2027;STD2A;GRILLE_SERIE
HOR0139_CURR;TT;MATH_SPEC_TECH;3;HEURE_SEMAINE;OBLIGATOIRE;SRC_EDUSCOL_LGT_2026;2026_2027;STD2A;GRILLE_SERIE
HOR0140_CURR;TT;EMC_LYCEE;18;HEURE_ANNEE;OBLIGATOIRE;SRC_EDUSCOL_LGT_2026;2026_2027;STD2A;GRILLE_SERIE
HOR0147_CURR;TT;PHILO;2;HEURE_SEMAINE;OBLIGATOIRE;SRC_EDUSCOL_LGT_2026;2026_2027;STI2D;GRILLE_SERIE
HOR0148_CURR;TT;HG_LYCEE;1.5;HEURE_SEMAINE;OBLIGATOIRE;SRC_EDUSCOL_LGT_2026;2026_2027;STI2D;GRILLE_SERIE
HOR0149_CURR;TT;LVA_LVB_TECH;4;HEURE_SEMAINE;OBLIGATOIRE;SRC_EDUSCOL_LGT_2026;2026_2027;STI2D;GRILLE_SERIE
HOR0150_CURR;TT;EPS;2;HEURE_SEMAINE;OBLIGATOIRE;SRC_EDUSCOL_LGT_2026;2026_2027;STI2D;GRILLE_SERIE
HOR0151_CURR;TT;MATH_SPEC_TECH;3;HEURE_SEMAINE;OBLIGATOIRE;SRC_EDUSCOL_LGT_2026;2026_2027;STI2D;GRILLE_SERIE
HOR0152_CURR;TT;EMC_LYCEE;18;HEURE_ANNEE;OBLIGATOIRE;SRC_EDUSCOL_LGT_2026;2026_2027;STI2D;GRILLE_SERIE
HOR0159_CURR;TT;PHILO;2;HEURE_SEMAINE;OBLIGATOIRE;SRC_EDUSCOL_LGT_2026;2026_2027;STMG;GRILLE_SERIE
HOR0160_CURR;TT;HG_LYCEE;1.5;HEURE_SEMAINE;OBLIGATOIRE;SRC_EDUSCOL_LGT_2026;2026_2027;STMG;GRILLE_SERIE
HOR0161_CURR;TT;LVA_LVB_TECH;4;HEURE_SEMAINE;OBLIGATOIRE;SRC_EDUSCOL_LGT_2026;2026_2027;STMG;GRILLE_SERIE
HOR0162_CURR;TT;EPS;2;HEURE_SEMAINE;OBLIGATOIRE;SRC_EDUSCOL_LGT_2026;2026_2027;STMG;GRILLE_SERIE
HOR0163_CURR;TT;MATH_SPEC_TECH;3;HEURE_SEMAINE;OBLIGATOIRE;SRC_EDUSCOL_LGT_2026;2026_2027;STMG;GRILLE_SERIE
HOR0164_CURR;TT;EMC_LYCEE;18;HEURE_ANNEE;OBLIGATOIRE;SRC_EDUSCOL_LGT_2026;2026_2027;STMG;GRILLE_SERIE
HOR0171_CURR;TT;PHILO;2;HEURE_SEMAINE;OBLIGATOIRE;SRC_EDUSCOL_LGT_2026;2026_2027;S2TMD;GRILLE_SERIE
HOR0172_CURR;TT;HG_LYCEE;1.5;HEURE_SEMAINE;OBLIGATOIRE;SRC_EDUSCOL_LGT_2026;2026_2027;S2TMD;GRILLE_SERIE
HOR0173_CURR;TT;LVA_LVB_TECH;4;HEURE_SEMAINE;OBLIGATOIRE;SRC_EDUSCOL_LGT_2026;2026_2027;S2TMD;GRILLE_SERIE
HOR0174_CURR;TT;EPS;2;HEURE_SEMAINE;OBLIGATOIRE;SRC_EDUSCOL_LGT_2026;2026_2027;S2TMD;GRILLE_SERIE
HOR0175_CURR;TT;MATH_SPEC_TECH;3;HEURE_SEMAINE;OBLIGATOIRE;SRC_EDUSCOL_LGT_2026;2026_2027;S2TMD;GRILLE_SERIE
HOR0176_CURR;TT;EMC_LYCEE;18;HEURE_ANNEE;OBLIGATOIRE;SRC_EDUSCOL_LGT_2026;2026_2027;S2TMD;GRILLE_SERIE
