type_exercice_id;methode_id;role
MATX_DERIVEE_TANGENTE;MATM_DERIVEE_LOCAL;MOBILISE
MATX_DERIVEE_TANGENTE;MATM_TANGENTE_EQ;MOBILISE
MATX_DERIVEE_VARIATIONS;MATM_DERIVEE_CALCUL;MOBILISE
MATX_DERIVEE_VARIATIONS;MATM_VARIATIONS;MOBILISE
MATX_DERIVEE_VARIATIONS;MATM_VARIATIONS_TABLEAU;MOBILISE
MATX_OPTIMISATION;MATM_OPTIMISATION;MOBILISE
MATX_OPTIMISATION;MATM_EXTREMUM_DERIVEE;MOBILISE
MATX_DERIVEE_SECANTE;MATM_TAUX_CALCUL;MOBILISE
MATX_DERIVEE_SECANTE;MATM_SECANTE_PENTE;MOBILISE
MATX_DERIVEE_LECTURE;MATM_DERIVEE_GRAPHIQUE;MOBILISE
MATX_DERIVEE_LECTURE;MATM_DERIVEE_LOCAL;MOBILISE
MATX_DERIVEE_POLYNOME;MATM_DERIVEE_POLYNOME;MOBILISE
MATX_TANGENTE_EQUATION;MATM_TANGENTE_EQ;MOBILISE
MATX_DERIVEE_VITESSE;MATM_DERIVEE_LOCAL;MOBILISE
MATX_DERIVEE_VITESSE;MATM_DERIVEE_UNITES;MOBILISE
MATX_DERIVEE_PARAMETRE;MATM_TANGENTE_EQ;MOBILISE
MATX_DERIVEE_PARAMETRE;MATM_DERIVEE_CALCUL;MOBILISE
MATX_DERIVEE_EXTREMUM;MATM_EXTREMUM_DERIVEE;MOBILISE
MATX_DERIVEE_EXTREMUM;MATM_VARIATIONS_TABLEAU;MOBILISE
MATX_DERIVEE_APPROX;MATM_APPROX_LINEAIRE;MOBILISE
MATX_SUITE_MODELE;MATM_SUITE_MODELE;MOBILISE
MATX_SUITE_SEUIL;MATM_SUITE_SEUIL;MOBILISE
MATX_SUITE_GENERATION;MATM_SUITE_IDENTIFIER_GENERATION;MOBILISE
MATX_SUITE_GENERATION;MATM_SUITE_EXPLICITE_RECUR;MOBILISE
MATX_SUITE_MOTIF;MATM_SUITE_MOTIF;MOBILISE
MATX_SUITE_MOTIF;MATM_SUITE_EXPLICITE_RECUR;MOBILISE
MATX_SUITE_GRAPH;MATM_SUITE_GRAPH;MOBILISE
MATX_ARITH_TERME;MATM_ARITH_TERME;MOBILISE
MATX_ARITH_SOMME;MATM_ARITH_SOMME;MOBILISE
MATX_GEOM_TERME;MATM_GEOM_TERME;MOBILISE
MATX_GEOM_SOMME;MATM_GEOM_SOMME;MOBILISE
MATX_SUITE_VARIATIONS;MATM_SUITE_VARIATION_ARITH;MOBILISE
MATX_SUITE_VARIATIONS;MATM_SUITE_VARIATION_GEOM;MOBILISE
MATX_SUITE_CROISSANCE_COMPAREE;MATM_SUITE_MODELE_LINEAIRE;MOBILISE
MATX_SUITE_CROISSANCE_COMPAREE;MATM_SUITE_MODELE_EXP;MOBILISE
MATX_SUITE_SEUIL_ALGO;MATM_SUITE_SEUIL;MOBILISE
MATX_SUITE_LIMITE_INTUITIVE;MATM_SUITE_LIMITE_CONJECTURE;MOBILISE
MATX_SUITE_EXPO_PONT;MATM_SUITE_MODELE_EXP;MOBILISE
MATX_SECOND_CHOIX_FORME;MATM_SECOND_CHOIX_FORME;CENTRAL
MATX_SECOND_SIGNE;MATM_SECOND_SIGNE;CENTRAL
MATX_SECOND_PARABOLE;MATM_SECOND_SOMMET;CENTRAL
MATX_SECOND_PROBLEME;MATM_SECOND_CHOIX_FORME;MOBILISE
MATX_SECOND_PROBLEME;MATM_SECOND_RESOLUTION;MOBILISE
MATX_PS_COORD;MATM_PS_COORD;CENTRAL
MATX_PS_ORTHO;MATM_PS_ORTHOGONALITE;CENTRAL
MATX_PS_ANGLE;MATM_PS_ANGLE;CENTRAL
MATX_PS_NORMAL;MATM_PS_NORMAL;CENTRAL
MATX_PROBA_TABLEAU;MATM_PROBA_COND_TABLEAU;CENTRAL
MATX_PROBA_ARBRE;MATM_PROBA_ARBRE_CONSTRUIRE;CENTRAL
MATX_PROBA_ARBRE;MATM_PROBA_ARBRE_CALCUL;MOBILISE
MATX_PROBA_ARBRE;MATM_PROBA_TOTALE;MOBILISE
MATX_PROBA_INDEP;MATM_PROBA_INDEP_TEST;CENTRAL
MATX_PROBA_INVERSE;MATM_PROBA_ARBRE_CALCUL;MOBILISE
MATX_PROBA_INVERSE;MATM_PROBA_TOTALE;MOBILISE
MATX_VA_LOI;MATM_VA_LOI;CENTRAL
MATX_VA_INDICATEURS;MATM_VA_ESPERANCE;CENTRAL
MATX_VA_INDICATEURS;MATM_VA_VARIANCE;MOBILISE
MATX_VA_JEU;MATM_VA_LOI;MOBILISE
MATX_VA_JEU;MATM_VA_ESPERANCE;CENTRAL
MATX_6E_FRACTIONS;MATM_FRACTION_REPERER;MOBILISE
MATX_6E_GRANDEURS;MATM_PERIMETRE;MOBILISE
MATX_6E_GRANDEURS;MATM_AIRE;MOBILISE
MATX_6E_GEOMETRIE;MATM_TRIANGLE_CONSTRUIRE;MOBILISE
MATX_6E_GEOMETRIE;MATM_MEDIATRICE;MOBILISE
MATX_6E_PROBA;MATM_PROBA_SIMPLE;MOBILISE
MATX_6E_PROP;MATM_PROP_RESOUDRE;MOBILISE
MATX_5E_RELATIFS;MATM_RELATIFS_CALCUL;MOBILISE
MATX_5E_RELATIFS;MATM_PRIORITES_CALCUL;MOBILISE
MATX_5E_LITTERAL;MATM_LITTERAL_TRADUIRE;MOBILISE
MATX_5E_LITTERAL;MATM_DISTRIBUTIVITE;MOBILISE
MATX_5E_TRANSFO;MATM_REPERE;MOBILISE
MATX_5E_STATS_PROBA;MATM_STATS_LIRE;MOBILISE
MATX_5E_FONCTION;MATM_FONCTION_LIRE;MOBILISE
MATX_5E_ALGO;MATM_ALGO_TRACER;MOBILISE
MATX_4E_NOTSCI;MATM_4E_NOTSCI;MOBILISE
MATX_4E_PREMIERS;MATM_4E_FACTPREM;MOBILISE
MATX_4E_PREMIERS;MATM_4E_FRACTION;MOBILISE
MATX_4E_LITTERAL;MATM_4E_DEVELOPPER;MOBILISE
MATX_4E_LITTERAL;MATM_4E_EQUATION;MOBILISE
MATX_4E_STAT;MATM_4E_MEDIANE;MOBILISE
MATX_4E_PROBA;MATM_4E_PROBA_CONTRAIRE;MOBILISE
MATX_4E_PYTH;MATM_4E_PYTHAGORE;MOBILISE
MATX_4E_THALES;MATM_4E_THALES;MOBILISE
MATX_4E_TRIGO;MATM_4E_COSINUS;MOBILISE
MATX_3E_ALGEBRE;MATM_3E_DOUBLE_DIST;MOBILISE
MATX_3E_ALGEBRE;MATM_3E_EQPROD;MOBILISE
MATX_3E_HISTO;MATM_3E_HISTO;MOBILISE
MATX_3E_FONCTIONS;MATM_3E_FONCTION;MOBILISE
MATX_3E_EVOLUTION;MATM_3E_EVOLUTION;MOBILISE
MATX_3E_HOMOTH;MATM_3E_HOMOTHETIE;MOBILISE
MATX_3E_THALES;MATM_3E_THALES;MOBILISE
MATX_3E_TRIGO;MATM_3E_TRIGO;MOBILISE
MATX_3E_ALGO;MATM_3E_ALGO;MOBILISE
MATX_2GT_LOGIQUE;MATM_2GT_ENSEMBLES;MOBILISE
MATX_2GT_LOGIQUE;MATM_2GT_LOGIQUE;MOBILISE
MATX_2GT_LOGIQUE;MATM_2GT_CONTREEX;MOBILISE
MATX_2GT_ALGO;MATM_2GT_ALGO;MOBILISE
MATX_2GT_ALGO;MATM_2GT_FONCTION_INFO;MOBILISE
MATX_2GT_ARITH;MATM_2GT_IRRED;MOBILISE
MATX_2GT_REELS;MATM_2GT_APPROX;MOBILISE
MATX_2GT_ALGEBRE;MATM_2GT_INEQUATION;MOBILISE
MATX_2GT_ALGEBRE;MATM_2GT_ISOLER;MOBILISE
MATX_2GT_VECTEURS;MATM_2GT_VECTEURS;MOBILISE
MATX_2GT_DROITES;MATM_2GT_DROITE;MOBILISE
MATX_2GT_FONCTIONS;MATM_2GT_FONCTION;MOBILISE
MATX_2GT_VARIATIONS;MATM_2GT_VARIATIONS;MOBILISE
MATX_2GT_EVOLUTIONS;MATM_2GT_EVOLUTION;MOBILISE
MATX_2GT_STATS;MATM_2GT_TABLEAU_CROISE;MOBILISE
MATX_2GT_PROBA;MATM_2GT_PROBA;MOBILISE
